target_id	length	eff_length	est_counts	tpm
ENST00000284984	5191	5015.98	0	0
ENST00000262354	1725	1549.98	0	0
ENST00000270112	7385	7209.98	4.34396	502.063
ENST00000270162	4805	4629.98	5	899.907
ENST00000270172	1706	1530.98	0	0
ENST00000284894	4699	4523.98	3	552.595
ENST00000285667	3986	3810.98	0	0
ENST00000284878	6254	6078.98	3	411.242
ENST00000270142	966	790.978	8.98593	9466.83
ENST00000269844	4881	4705.98	0	0
ENST00000284987	9056	8880.98	0	0
ENST00000270139	6139	5963.98	4.25767	594.898
ENST00000282964	442	266.978	0	0
ENST00000284971	614	438.978	0	0
ENST00000284881	5433	5257.98	4.5198	716.32
ENST00000270190	623	447.978	1	1860.16
ENST00000285670	2184	2008.98	0	0
ENST00000284885	3947	3771.98	0	0
ENST00000286800	5669	5493.98	2.54735	386.374
ENST00000285679	3973	3797.98	0	0
ENST00000290219	2221	2045.98	0	0
ENST00000290239	67	19.4	0	0
ENST00000288344	1303	1127.98	0	0
ENST00000288383	2733	2557.98	0	0
ENST00000286827	7200	7024.98	11.5542	1370.58
ENST00000286777	1625	1449.98	0	0
ENST00000288350	2416	2240.98	0	0
ENST00000290200	1963	1787.98	3	1398.19
ENST00000288319	4919	4743.98	0	0
ENST00000286808	1193	1017.98	0	0
ENST00000290178	2564	2388.98	0	0
ENST00000286835	4193	4017.98	0.000430599	0.0893043
ENST00000286791	1725	1549.98	0	0
ENST00000285681	5216	5040.98	2.56663	424.282
ENST00000290130	1575	1399.98	2	1190.46
ENST00000286788	2005	1829.98	0	0
ENST00000290155	1692	1516.98	0	0
ENST00000291634	927	751.978	0	0
ENST00000291577	1674	1498.98	0	0
ENST00000300258	2695	2519.98	0	0
ENST00000291670	1905	1729.98	0	0
ENST00000291576	3297	3121.98	0.00980048	2.61592
ENST00000300260	1243	1067.98	0	0
ENST00000291574	6976	6800.98	0	0
ENST00000291532	3196	3020.98	0	0
ENST00000291552	962	786.978	3.82535	4050.56
ENST00000290299	932	756.978	6.02322	6630.58
ENST00000291547	5003	4827.98	6.76658	1167.91
ENST00000291700	877	701.978	0	0
ENST00000291539	2058	1882.98	0	0
ENST00000291672	2303	2127.98	0	0
ENST00000291688	6193	6017.98	2.95659	409.399
ENST00000291691	2975	2799.98	0	0
ENST00000291568	2164	1988.98	6.23284	2611.33
ENST00000300305	6222	6046.98	0	0
ENST00000291535	2005	1829.98	0	0
ENST00000291705	1011	835.978	0	0
ENST00000291560	1899	1723.98	1.89448	915.725
ENST00000300278	7477	7301.98	0	0
ENST00000299443	1826	1650.98	0	0
ENST00000291582	2257	2081.98	0	0
ENST00000290244	1685	1509.98	0	0
ENST00000290399	4442	4266.98	0	0
ENST00000299340	3101	2925.98	0	0
ENST00000291592	5869	5693.98	7	1024.45
ENST00000291554	1139	963.978	0	0
ENST00000290349	1293	1117.98	0	0
ENST00000291526	737	561.978	0	0
ENST00000290354	1169	993.978	0	0
ENST00000299295	2548	2372.98	0	0
ENST00000290310	1051	875.978	0	0
ENST00000291536	1430	1254.98	1	664.003
ENST00000291525	407	234.083	0	0
ENST00000291572	5546	5370.98	7.83063	1214.93
ENST00000300481	5627	5451.98	0	0
ENST00000291565	7366	7190.98	1.55448e-06	0.000180137
ENST00000291527	551	375.978	0	0
ENST00000300255	1998	1822.98	0	0
ENST00000311124	3811	3635.98	7.87739	1805.38
ENST00000334849	440	264.978	0	0
ENST00000314103	4480	4304.98	6.3855	1236.03
ENST00000339818	2233	2057.98	0	0
ENST00000320216	966	790.978	0	0
ENST00000311003	1181	1005.98	1	828.358
ENST00000303113	2028	1852.98	1	449.714
ENST00000328619	660	484.978	0	0
ENST00000303775	4865	4689.98	0.000375416	0.0667035
ENST00000334063	522	346.978	0	0
ENST00000334165	1778	1602.98	1	519.851
ENST00000334897	313	145.197	0	0
ENST00000339775	1485	1309.98	5.20403e-06	0.00331041
ENST00000309117	3256	3080.98	0	0
ENST00000338326	1974	1798.98	0	0
ENST00000319294	2504	2328.98	2.9966	1072.18
ENST00000318948	7556	7380.98	3.96065	447.155
ENST00000329623	5844	5668.98	1.85243	272.298
ENST00000330714	3042	2866.98	3.34195	971.363
ENST00000327574	2583	2407.98	3.90906	1352.78
ENST00000324988	607	431.978	0	0
ENST00000329553	2235	2059.98	0	0
ENST00000342220	3386	3210.98	0	0
ENST00000332149	3205	3029.98	0	0
ENST00000334055	380	207.987	0	0
ENST00000328344	530	354.978	0	0
ENST00000336648	6010	5834.98	4.18975	598.35
ENST00000333634	1251	1075.98	0	0
ENST00000332512	3889	3713.98	4	897.485
ENST00000314399	1625	1449.98	0	0
ENST00000335440	1728	1552.98	0	0
ENST00000333892	440	264.978	0	0
ENST00000331343	4825	4649.98	0	0
ENST00000329319	1019	843.978	0	0
ENST00000328264	1098	922.978	0	0
ENST00000334160	211	54.6134	0	0
ENST00000329618	1357	1181.98	0	0
ENST00000329015	2141	1965.98	0	0
ENST00000334494	1334	1158.98	3	2157.01
ENST00000339944	440	264.978	0	0
ENST00000333229	10141	9965.98	9.9752	834.081
ENST00000341618	1855	1679.98	1.31454	652.042
ENST00000310826	7449	7273.98	3	343.681
ENST00000338785	5518	5342.98	3.44184	536.801
ENST00000332131	3015	2839.98	0	0
ENST00000334538	3077	2901.98	0	0
ENST00000330551	1033	857.978	1	971.248
ENST00000337909	1361	1185.98	0	0
ENST00000334664	275	109.447	0	0
ENST00000339024	2066	1890.98	0	0
ENST00000340344	4676	4500.98	13.6772	2532.19
ENST00000342108	1453	1277.98	0	0
ENST00000332473	296	129.367	0	0
ENST00000330333	2993	2817.98	1.48137	438.057
ENST00000330317	1471	1295.98	0	0
ENST00000330942	721	545.978	4.06721	6207.66
ENST00000334151	461	285.978	0	0
ENST00000303071	2170	1994.98	0	0
ENST00000309331	813	637.978	0	0
ENST00000300482	5989	5813.98	0	0
ENST00000340648	5090	4914.98	0	0
ENST00000312957	4209	4033.98	2.59449	535.951
ENST00000303645	935	759.978	0	0
ENST00000330490	823	647.978	0	0
ENST00000335512	1883	1707.98	0	0
ENST00000329122	500	324.978	0	0
ENST00000330798	384	211.083	0	0
ENST00000325223	1283	1107.98	1	752.099
ENST00000330938	2760	2584.98	2.12253	684.232
ENST00000332440	579	403.978	0	0
ENST00000334352	3004	2828.98	0	0
ENST00000335093	599	423.978	0	0
ENST00000331923	3995	3819.98	0	0
ENST00000329667	562	386.978	0	0
ENST00000332859	1807	1631.98	0	0
ENST00000342101	2606	2430.98	0	0
ENST00000341322	2495	2319.98	1	359.189
ENST00000302347	2955	2779.98	0	0
ENST00000300527	3461	3285.98	1.67054	423.64
ENST00000339195	890	714.978	0.635935	741.184
ENST00000334068	797	621.978	1	1339.77
ENST00000334067	671	495.978	0	0
ENST00000334662	876	700.978	0	0
ENST00000307301	1199	1023.98	0	0
ENST00000330205	1182	1006.98	1	827.535
ENST00000334046	330	160.226	0	0
ENST00000332587	1476	1300.98	0	0
ENST00000331573	2154	1978.98	0	0
ENST00000340345	1650	1474.98	0	0
ENST00000332378	912	736.978	0	0
ENST00000313806	2490	2314.98	0	0
ENST00000320371	421	247.056	0	0
ENST00000339659	6607	6431.98	0	0
ENST00000333337	3262	3086.98	0	0
ENST00000333781	1616	1440.98	0	0
ENST00000334058	310	142.197	0	0
ENST00000328735	2824	2648.98	0	0
ENST00000342136	2899	2723.98	0	0
ENST00000329621	556	380.978	0	0
ENST00000327505	3589	3413.98	3.11934e-08	7.61393e-06
ENST00000310645	3446	3270.98	0	0
ENST00000334680	296	129.367	0	0
ENST00000327783	3179	3003.98	0	0
ENST00000334670	1237	1061.98	0	0
ENST00000323084	3967	3791.98	0	0
ENST00000328656	8399	8223.98	3.38714	343.208
ENST00000328862	1956	1780.98	0	0
ENST00000337385	3347	3171.98	0	0
ENST00000381132	2408	2232.98	0	0
ENST00000381995	1742	1566.98	0	0
ENST00000364942	116	38.7059	0	0
ENST00000381284	949	773.978	0	0
ENST00000382375	2453	2277.98	4.10809	1502.78
ENST00000359759	6586	6410.98	0	0
ENST00000362828	102	33.6154	0	0
ENST00000365369	105	34.1429	0	0
ENST00000358268	2564	2388.98	0	0
ENST00000344577	1652	1476.98	0	0
ENST00000380620	13170	12995	0	0
ENST00000361093	2149	1973.98	3.96116	1672.19
ENST00000385060	65	21.75	0	0
ENST00000362936	118	33.2857	0	0
ENST00000347800	2923	2747.98	0	0
ENST00000343687	3037	2861.98	0	0
ENST00000367071	971	795.978	0	0
ENST00000348831	6882	6706.98	0	0
ENST00000363343	108	34.8	0	0
ENST00000365469	141	30.9348	0	0
ENST00000354828	5120	4944.98	0	0
ENST00000365114	102	33.6154	0	0
ENST00000382826	273	107.447	0	0
ENST00000380637	1014	838.978	0	0
ENST00000357704	552	376.978	0	0
ENST00000385128	89	28.1	0	0
ENST00000354250	1575	1399.98	0	0
ENST00000382549	2503	2327.98	3.26268	1167.89
ENST00000380900	907	731.978	3	3415.3
ENST00000352133	3664	3488.98	0	0
ENST00000381151	11576	11401	14.4235	1054.23
ENST00000362077	641	465.978	0	0
ENST00000344330	1009	833.978	2.17577	2174.03
ENST00000381679	7860	7684.98	4	433.734
ENST00000379960	3026	2850.98	0.592397	173.151
ENST00000380634	816	640.978	1	1300.06
ENST00000380008	3466	3290.98	0	0
ENST00000348990	3355	3179.98	0	0
ENST00000382491	6958	6782.98	0	0
ENST00000351097	2158	1982.98	0.990359	416.18
ENST00000360770	739	563.978	0	0
ENST00000363884	108	34.8	0	0
ENST00000361802	3034	2858.98	0	0
ENST00000379571	2060	1884.98	0	0
ENST00000348499	1506	1330.98	0	0
ENST00000384906	81	20.1	0	0
ENST00000380749	1383	1207.98	0	0
ENST00000361534	2224	2048.98	5.131	2086.75
ENST00000356275	270	104.447	0	0
ENST00000382835	682	506.978	0	0
ENST00000361371	7685	7509.98	2.58109	286.398
ENST00000357985	1088	912.978	0	0
ENST00000366423	333	162.511	0	0
ENST00000380631	780	604.978	0	0
ENST00000382830	293	126.941	0	0
ENST00000381692	2463	2287.98	0	0
ENST00000389124	2712	2536.98	4	1313.86
ENST00000380708	1464	1288.98	0	0
ENST00000381815	3341	3165.98	0	0
ENST00000355666	7712	7536.98	0	0
ENST00000380612	1071	895.978	0	0
ENST00000363922	136	33.6111	0	0
ENST00000380747	709	533.978	0	0
ENST00000382828	224	65.1238	0	0
ENST00000360542	1193	1017.98	0	0
ENST00000380604	632	456.978	0	0
ENST00000380931	5027	4851.98	0	0
ENST00000343528	1101	925.978	0	0
ENST00000349485	2871	2695.98	0	0
ENST00000354192	3167	2991.98	0	0
ENST00000356577	8813	8637.98	0	0
ENST00000354749	9084	8908.98	0.0115631	1.08156
ENST00000382264	1389	1213.98	0	0
ENST00000380221	1763	1587.98	1	524.761
ENST00000349499	3806	3630.98	1.1995	275.284
ENST00000354333	2422	2246.98	0	0
ENST00000381831	3490	3314.98	0	0
ENST00000381135	2526	2350.98	0	0
ENST00000355153	2913	2737.98	0	0
ENST00000360938	3766	3590.98	5.14099	1193
ENST00000381554	1617	1441.98	0	0
ENST00000352178	2583	2407.98	0	0
ENST00000384369	107	33.8	0	0
ENST00000360525	6998	6822.98	6.51517	795.717
ENST00000359568	10560	10385	0.438995	35.2258
ENST00000357401	3412	3236.98	0	0
ENST00000382751	10832	10657	10	781.938
ENST00000380095	1100	924.978	0	0
ENST00000346798	3467	3291.98	3.46524	877.168
ENST00000382348	2277	2101.98	0	0
ENST00000381291	5437	5261.98	0	0
ENST00000358356	2720	2544.98	0	0
ENST00000380618	2763	2587.98	0	0
ENST00000384418	136	33.6111	0	0
ENST00000381181	2261	2085.98	1.40754	562.287
ENST00000380328	1875	1699.98	0	0
ENST00000359624	2353	2177.98	0	0
ENST00000363092	109	31.7059	0	0
ENST00000347667	8764	8588.98	6.26178	607.523
ENST00000356396	2995	2819.98	0	0
ENST00000380748	829	653.978	0	0
ENST00000361866	4238	4062.98	2.16116	443.25
ENST00000355680	2688	2512.98	0	0
ENST00000380800	7605	7429.98	0	0
ENST00000364155	73	22.1667	0	0
ENST00000357345	7059	6883.98	0	0
ENST00000357903	3543	3367.98	0	0
ENST00000380588	2066	1890.98	0	0
ENST00000380010	1884	1708.98	0	0
ENST00000362160	84	23.1	0	0
ENST00000384075	107	33.8	0	0
ENST00000344693	1088	912.978	1	912.738
ENST00000382373	878	702.978	0	0
ENST00000351429	4781	4605.98	8.99962	1628.2
ENST00000344691	7274	7098.98	17	1995.54
ENST00000359726	3294	3118.98	0	0
ENST00000384370	135	34.5294	0	0
ENST00000342449	12929	12754	18.0248	1177.69
ENST00000381283	1116	940.978	0	0
ENST00000358918	2366	2190.98	0	0
ENST00000381540	1482	1306.98	0	0
ENST00000362728	107	33.8	0	0
ENST00000355189	673	497.978	0	0
ENST00000382357	2578	2402.98	0	0
ENST00000382238	1127	951.978	0	0
ENST00000360697	6604	6428.98	4	518.471
ENST00000384685	113	35.7059	0	0
ENST00000382499	7094	6918.98	0	0
ENST00000382378	602	426.978	0.229991	448.86
ENST00000381318	17015	16840	2.4076	119.138
ENST00000360214	3936	3760.98	0	0
ENST00000389125	3140	2964.98	0	0
ENST00000355459	749	573.978	0	0
ENST00000384772	121	32	0	0
ENST00000382699	1668	1492.98	0	0
ENST00000380713	768	592.978	0	0
ENST00000381285	6107	5931.98	0	0
ENST00000380486	6345	6169.98	0	0
ENST00000358455	498	322.978	6	15480.5
ENST00000349048	2912	2736.98	15.3985	4688.28
ENST00000382822	318	148.889	0	0
ENST00000380276	940	764.978	0	0
ENST00000381947	1354	1178.98	0	0
ENST00000349112	1616	1440.98	0	0
ENST00000345496	3566	3390.98	7.33916	1803.55
ENST00000352483	4016	3840.98	2.84361e-08	6.16928e-06
ENST00000366093	805	629.978	1	1322.76
ENST00000380671	2080	1904.98	0	0
ENST00000384745	107	33.8	0	0
ENST00000348354	1456	1280.98	1.38484	900.872
ENST00000360731	3860	3684.98	0.000317325	0.0717589
ENST00000381839	3469	3293.98	0	0
ENST00000355480	5924	5748.98	0	0
ENST00000342757	3004	2828.98	0.854754	251.778
ENST00000359341	492	316.978	0	0
ENST00000343118	2606	2430.98	0	0
ENST00000382377	917	741.978	0.661922	743.4
ENST00000352957	1110	934.978	0	0
ENST00000419826	699	523.978	0	0
ENST00000400421	1106	930.978	0	0
ENST00000424890	2854	2678.98	3	933.165
ENST00000391307	165	31.9406	0	0
ENST00000397637	2880	2704.98	0	0
ENST00000398911	4914	4738.98	0	0
ENST00000400564	1382	1206.98	1	690.41
ENST00000422850	1003	827.978	0	0
ENST00000397886	755	579.978	4.48354	6441.92
ENST00000399353	3913	3737.98	0	0
ENST00000398061	3595	3419.98	1.17094e-08	2.85311e-06
ENST00000398229	1684	1508.98	0	0
ENST00000426029	127	34.1852	0	0
ENST00000418933	415	241.056	0	0
ENST00000419219	900	724.978	0	0
ENST00000418336	459	283.978	0.601994	1766.5
ENST00000398397	1342	1166.98	0	0
ENST00000399352	5408	5232.98	0	0
ENST00000400274	7023	6847.98	0	0
ENST00000419694	1046	870.978	2	1913.5
ENST00000400183	5341	5165.98	2.97508e-06	0.000479903
ENST00000423967	697	521.978	3.76582	6011.92
ENST00000423274	691	515.978	0	0
ENST00000398234	1783	1607.98	0	0
ENST00000397857	2813	2637.98	0.000953948	0.301342
ENST00000397911	1171	995.978	0	0
ENST00000424290	697	521.978	0	0
ENST00000417181	462	286.978	0	0
ENST00000399208	1165	989.978	0	0
ENST00000399349	5191	5015.98	0	0
ENST00000399889	867	691.978	0	0
ENST00000398063	5767	5591.98	0	0
ENST00000405964	896	720.978	1	1155.8
ENST00000400128	2421	2245.98	0	0
ENST00000422911	6714	6538.98	0.0140244	1.78723
ENST00000417335	1412	1236.98	0	0
ENST00000406538	945	769.978	0	0
ENST00000400477	534	358.978	0	0
ENST00000399442	612	436.978	0	0
ENST00000398158	2453	2277.98	0	0
ENST00000414659	2539	2363.98	0	0
ENST00000398085	796	620.978	0	0
ENST00000424582	201	46.4492	0	0
ENST00000399935	2093	1917.98	0	0
ENST00000419324	266	100.447	0	0
ENST00000398457	3119	2943.98	0	0
ENST00000420455	3062	2886.98	0	0
ENST00000397850	3178	3002.98	0	0
ENST00000399272	2164	1988.98	2	837.927
ENST00000398598	2850	2674.98	14.4428	4499.21
ENST00000415023	519	343.978	0	0
ENST00000417954	3572	3396.98	0	0
ENST00000397692	433	257.978	1.77054	5719.12
ENST00000391617	588	412.978	0	0
ENST00000400178	700	524.978	0	0
ENST00000418301	422	248.056	0.454122	1525.56
ENST00000390834	107	33.8	0	0
ENST00000416179	449	273.978	0	0
ENST00000398499	5806	5630.98	0	0
ENST00000398505	6846	6670.98	0	0
ENST00000419881	910	734.978	0	0
ENST00000398932	2747	2571.98	0	0
ENST00000422473	2336	2160.98	0	0
ENST00000397826	880	704.978	0	0
ENST00000398511	5608	5432.98	0	0
ENST00000413813	468	292.978	1	2844.27
ENST00000424093	726	550.978	0	0
ENST00000418755	499	323.978	0	0
ENST00000398934	2815	2639.98	0	0
ENST00000411460	524	348.978	0	0
ENST00000411566	808	632.978	0	0
ENST00000423808	874	698.978	0	0
ENST00000423045	1183	1007.98	1	826.714
ENST00000400135	2136	1960.98	0	0
ENST00000397854	2592	2416.98	0	0
ENST00000397728	4936	4760.98	7.89193	1381.32
ENST00000412914	571	395.978	0	0
ENST00000406229	144	29.2222	0	0
ENST00000398224	1671	1495.98	0	0
ENST00000406845	1804	1628.98	0	0
ENST00000413718	575	399.978	0	0
ENST00000399934	1964	1788.98	0	0
ENST00000413017	627	451.978	2	3687.39
ENST00000411694	863	687.978	0	0
ENST00000398646	1026	850.978	0	0
ENST00000397928	6221	6045.98	0	0
ENST00000408914	1164	988.978	1	842.597
ENST00000398927	665	489.978	0	0
ENST00000407780	7080	6904.98	6.82423	823.564
ENST00000415147	159	29.1209	0	0
ENST00000425336	873	697.978	2.18203	2605.1
ENST00000411330	114	36.7059	0	0
ENST00000398548	6654	6478.98	2.40306	309.075
ENST00000397916	2114	1938.98	0	0
ENST00000410986	109	31.7059	0	0
ENST00000400368	1238	1062.98	0	0
ENST00000420364	989	813.978	0	0
ENST00000419906	465	289.978	1	2873.7
ENST00000417007	719	543.978	0	0
ENST00000397701	744	568.978	0	0
ENST00000423276	461	285.978	0	0
ENST00000416218	2007	1831.98	0	0
ENST00000421454	338	167.511	0	0
ENST00000419093	517	341.978	0	0
ENST00000400562	808	632.978	0	0
ENST00000398098	1095	919.978	0	0
ENST00000398652	1125	949.978	0	0
ENST00000398132	826	650.978	0	0
ENST00000397887	2413	2237.98	0.393932	146.68
ENST00000418544	335	164.511	0	0
ENST00000412442	529	353.978	0	0
ENST00000412102	2033	1857.98	0	0
ENST00000411427	1116	940.978	1.2675	1122.47
ENST00000399784	1000	824.978	0	0
ENST00000400485	4246	4070.98	2.27396e-07	4.65469e-05
ENST00000425147	611	435.978	5	9556.78
ENST00000397846	422	248.056	1	3359.36
ENST00000424569	821	645.978	0.410244	529.213
ENST00000400169	1445	1269.98	0	0
ENST00000393804	1474	1298.98	2	1283.02
ENST00000424255	564	388.978	0	0
ENST00000398165	2605	2429.98	0	0
ENST00000398925	532	356.978	0	0
ENST00000411998	2228	2052.98	3	1217.71
ENST00000398232	1885	1709.98	0	0
ENST00000411496	893	717.978	0	0
ENST00000400127	2239	2063.98	0	0
ENST00000416555	544	368.978	0	0
ENST00000397994	1279	1103.98	0	0
ENST00000391618	447	271.978	0	0
ENST00000420965	728	552.978	0	0
ENST00000423596	246	84.0474	0	0
ENST00000418942	684	508.978	0	0
ENST00000418029	788	612.978	0	0
ENST00000398341	3094	2918.98	1.14063	325.627
ENST00000410635	284	117.941	0	0
ENST00000418394	796	620.978	0.762052	1022.62
ENST00000416641	516	340.978	0	0
ENST00000389861	5031	4855.98	0	0
ENST00000397746	1878	1702.98	0	0
ENST00000417060	1072	896.978	0	0
ENST00000398928	715	539.978	0	0
ENST00000399299	1033	857.978	0	0
ENST00000389194	7749	7573.98	0.0226654	2.49371
ENST00000391262	107	33.8	0	0
ENST00000421771	1078	902.978	0	0
ENST00000399292	850	674.978	0	0
ENST00000411867	3980	3804.98	0	0
ENST00000424017	479	303.978	0	0
ENST00000400377	2907	2731.98	0	0
ENST00000398133	600	424.978	0	0
ENST00000400558	1090	914.978	0	0
ENST00000399010	2115	1939.98	2.34294	1006.4
ENST00000399139	1231	1055.98	3	2367.41
ENST00000399136	1330	1154.98	0	0
ENST00000416842	487	311.978	0	0
ENST00000400374	1643	1467.98	0	0
ENST00000400532	1757	1581.98	2.40551	1267.11
ENST00000418103	604	428.978	0	0
ENST00000400546	8135	7959.98	0	0
ENST00000422357	704	528.978	0	0
ENST00000411956	821	645.978	2.7127	3499.38
ENST00000397956	1634	1458.98	0	0
ENST00000417871	1820	1644.98	0	0
ENST00000400559	1593	1417.98	0	0
ENST00000424441	1356	1180.98	0	0
ENST00000398600	3470	3294.98	5.31454	1344.06
ENST00000420241	934	758.978	1	1097.94
ENST00000412579	818	642.978	0	0
ENST00000422787	754	578.978	0	0
ENST00000413645	550	374.978	0	0
ENST00000419952	522	346.978	0	0
ENST00000424219	469	293.978	0	0
ENST00000413758	750	574.978	0.707691	1025.65
ENST00000423206	523	347.978	0	0
ENST00000412942	488	312.978	0	0
ENST00000399286	1204	1028.98	0	0
ENST00000416468	188	37.5917	0	0
ENST00000399926	749	573.978	0	0
ENST00000416067	1599	1423.98	2	1170.4
ENST00000399975	2960	2784.98	0	0
ENST00000397748	1955	1779.98	0	0
ENST00000400424	5516	5340.98	0	0
ENST00000411943	390	217.083	0	0
ENST00000399973	581	405.978	0	0
ENST00000415824	407	234.083	0	0
ENST00000420666	422	248.056	0	0
ENST00000413933	1850	1674.98	0	0
ENST00000400090	647	471.978	0	0
ENST00000419044	516	340.978	0	0
ENST00000397907	410	237.083	0	0
ENST00000419299	829	653.978	0	0
ENST00000400337	5436	5260.98	3.94475	624.826
ENST00000397841	2303	2127.98	3	1174.79
ENST00000416722	455	279.978	0	0
ENST00000420186	2603	2427.98	0	0
ENST00000398907	4809	4633.98	0	0
ENST00000416182	480	304.978	0	0
ENST00000398225	1963	1787.98	0	0
ENST00000391621	1149	973.978	0	0
ENST00000413862	1543	1367.98	1.19489e-08	7.2787e-06
ENST00000398948	777	601.978	0	0
ENST00000425376	509	333.978	0	0
ENST00000399928	1904	1728.98	1	481.967
ENST00000398585	3240	3064.98	0	0
ENST00000415847	1178	1002.98	0	0
ENST00000418874	346	174.75	0	0
ENST00000424921	475	299.978	1	2777.9
ENST00000390690	704	528.978	0	0
ENST00000416327	795	619.978	0	0
ENST00000415997	541	365.978	0	0
ENST00000424933	422	248.056	1	3359.36
ENST00000413190	320	150.226	0	0
ENST00000400454	8552	8376.98	0	0
ENST00000398647	864	688.978	1	1209.49
ENST00000399102	688	512.978	0	0
ENST00000400087	826	650.978	0	0
ENST00000399913	3234	3058.98	0	0
ENST00000419845	577	401.978	0.280651	581.795
ENST00000420072	2558	2382.98	0	0
ENST00000397787	3425	3249.98	0	0
ENST00000389690	694	518.978	0	0
ENST00000420074	1947	1771.98	2.33109	1096.24
ENST00000397708	6333	6157.98	7.90215e-06	0.00106933
ENST00000417042	727	551.978	0	0
ENST00000414877	428	252.978	0	0
ENST00000400202	7671	7495.98	0.000709799	0.0789066
ENST00000415026	557	381.978	0	0
ENST00000399000	4398	4222.98	2.16355	426.927
ENST00000398116	372	199.987	0	0
ENST00000399284	666	490.978	0	0
ENST00000412906	952	776.978	0	0
ENST00000398905	4806	4630.98	0	0
ENST00000398236	1776	1600.98	0	0
ENST00000397680	2624	2448.98	0	0
ENST00000398449	2998	2822.98	0	0
ENST00000416002	879	703.978	0	0
ENST00000423658	188	37.5917	0	0
ENST00000419069	612	436.978	0	0
ENST00000398998	988	812.978	0	0
ENST00000417133	5023	4847.98	0	0
ENST00000417564	6967	6791.98	0	0
ENST00000411989	1790	1614.98	0	0
ENST00000399137	1942	1766.98	0	0
ENST00000389863	3563	3387.98	0	0
ENST00000424837	576	400.978	0	0
ENST00000416754	346	174.75	0	0
ENST00000400375	1215	1039.98	0	0
ENST00000420068	505	329.978	0	0
ENST00000397184	596	420.978	0	0
ENST00000422891	786	610.978	0	0
ENST00000425521	607	431.978	0	0
ENST00000400372	1150	974.978	0	0
ENST00000400427	5442	5266.98	0	0
ENST00000400093	1179	1003.98	0	0
ENST00000399212	3258	3082.98	0	0
ENST00000399338	3115	2939.98	2.10472e-08	5.96564e-06
ENST00000415238	640	464.978	0	0
ENST00000399921	5769	5593.98	0.000108345	0.0161396
ENST00000397932	5216	5040.98	3.1612	522.569
ENST00000413721	525	349.978	0	0
ENST00000423389	525	349.978	0	0
ENST00000397743	1834	1658.98	0	0
ENST00000423089	438	262.978	0	0
ENST00000397679	2900	2724.98	2.34733	717.822
ENST00000397628	954	778.978	0	0
ENST00000397683	1674	1498.98	0	0
ENST00000416447	843	667.978	0	0
ENST00000400305	1717	1541.98	0	0
ENST00000397898	1779	1603.98	0	0
ENST00000400014	1041	865.978	0	0
ENST00000415269	217	60.0357	1	13880.2
ENST00000398956	1590	1414.98	0	0
ENST00000398208	2122	1946.98	0	0
ENST00000411605	438	262.978	0	0
ENST00000413881	710	534.978	0	0
ENST00000422875	5267	5091.98	3.31842	543.064
ENST00000399240	1590	1414.98	0	0
ENST00000421795	191	39.0568	0	0
ENST00000405436	1684	1508.98	6.30492	3481.8
ENST00000398632	2211	2035.98	1.57616	645.11
ENST00000412240	349	176.987	0	0
ENST00000421541	1151	975.978	1	853.82
ENST00000399103	656	480.978	0	0
ENST00000419467	465	289.978	0	0
ENST00000400314	2202	2026.98	0	0
ENST00000399358	958	782.978	0	0
ENST00000398910	4954	4778.98	0	0
ENST00000411932	720	544.978	0.521833	797.919
ENST00000420255	897	721.978	0	0
ENST00000419664	509	333.978	0	0
ENST00000399914	3624	3448.98	0	0
ENST00000418954	717	541.978	0	0
ENST00000425058	635	459.978	0	0
ENST00000423214	839	663.978	0	0
ENST00000399001	821	645.978	0	0
ENST00000408989	5262	5086.98	0	0
ENST00000417979	504	328.978	0	0
ENST00000400308	1911	1735.98	0	0
ENST00000399191	838	662.978	0	0
ENST00000425085	1352	1176.98	0	0
ENST00000399017	10363	10188	8.54822	699.188
ENST00000400362	7540	7364.98	13.3929	1515.34
ENST00000399201	1212	1036.98	0	0
ENST00000412833	936	760.978	0	0
ENST00000423310	586	410.978	0	0
ENST00000399237	822	646.978	0	0
ENST00000398367	1733	1557.98	0.00340254	1.8199
ENST00000397852	2769	2593.98	11.367	3651.64
ENST00000417138	424	250.056	0	0
ENST00000390235	94	30.5455	0	0
ENST00000398168	2514	2338.98	0	0
ENST00000400379	4246	4070.98	0	0
ENST00000397893	520	344.978	1.62744	3931.15
ENST00000400075	4814	4638.98	3	538.897
ENST00000397638	2131	1955.98	0	0
ENST00000399355	4003	3827.98	0	0
ENST00000400211	421	247.056	0	0
ENST00000399925	692	516.978	0	0
ENST00000397961	3390	3214.98	0	0
ENST00000398938	2583	2407.98	0	0
ENST00000422749	1185	1009.98	0	0
ENST00000400166	1080	904.978	0	0
ENST00000400043	735	559.978	0	0
ENST00000397763	3101	2925.98	0	0
ENST00000424203	3571	3395.98	0	0
ENST00000419241	779	603.978	0	0
ENST00000419868	521	345.978	0	0
ENST00000398343	494	318.978	0	0
ENST00000401402	1558	1382.98	0	0
ENST00000398897	4651	4475.98	0	0
ENST00000399804	4127	3951.98	4.44413	937.085
ENST00000406413	156	30.1899	0	0
ENST00000417963	872	696.978	0	0
ENST00000400583	932	756.978	0	0
ENST00000417820	1031	855.978	1	973.517
ENST00000399367	5722	5546.98	0	0
ENST00000423221	624	448.978	0	0
ENST00000423581	494	318.978	0.0750418	196.042
ENST00000400819	433	257.978	0	0
ENST00000399135	1752	1576.98	0	0
ENST00000397682	2941	2765.98	0	0
ENST00000424303	796	620.978	0	0
ENST00000407739	893	717.978	0	0
ENST00000400131	2036	1860.98	0	0
ENST00000399312	990	814.978	3.83812	3924.45
ENST00000416357	796	620.978	0	0
ENST00000424733	1097	921.978	0	0
ENST00000398497	555	379.978	1	2193.04
ENST00000416034	395	222.083	1	3752.25
ENST00000400199	7562	7386.98	2.51681	283.916
ENST00000414582	615	439.978	0	0
ENST00000391620	971	795.978	0	0
ENST00000418516	345	173.75	0	0
ENST00000402202	1480	1304.98	4	2554.25
ENST00000409758	763	587.978	1	1417.25
ENST00000421604	762	586.978	0	0
ENST00000399215	4272	4096.98	3.35937	683.284
ENST00000391177	215	58.0357	0	0
ENST00000416768	1850	1674.98	0	0
ENST00000400310	2168	1992.98	0	0
ENST00000419522	568	392.978	0	0
ENST00000399909	3427	3251.98	0	0
ENST00000397648	839	663.978	0	0
ENST00000414818	831	655.978	0	0
ENST00000418018	885	709.978	0	0
ENST00000421802	727	551.978	0	0
ENST00000408910	4878	4702.98	2.56992	455.358
ENST00000400304	1086	910.978	0	0
ENST00000399205	1208	1032.98	0	0
ENST00000398405	2754	2578.98	0	0
ENST00000412604	1756	1580.98	0	0
ENST00000416044	370	197.987	0	0
ENST00000411146	174	33.7717	0	0
ENST00000391624	636	460.978	0	0
ENST00000400566	1888	1712.98	0	0
ENST00000408471	128	32.8276	0	0
ENST00000414189	608	432.978	0	0
ENST00000398352	937	761.978	0	0
ENST00000389195	2714	2538.98	1.97048	646.726
ENST00000419378	850	674.978	0	0
ENST00000400099	492	316.978	1	2628.92
ENST00000419628	1775	1599.98	1	520.826
ENST00000404220	4284	4108.98	0	0
ENST00000399289	3154	2978.98	0	0
ENST00000398930	2914	2738.98	0	0
ENST00000399098	972	796.978	0	0
ENST00000418813	576	400.978	0	0
ENST00000411355	107	33.8	0	0
ENST00000422809	850	674.978	0	0
ENST00000400577	1934	1758.98	0	0
ENST00000419431	727	551.978	0	0
ENST00000399151	7685	7509.98	9.5235	1056.73
ENST00000398960	2782	2606.98	0	0
ENST00000413131	499	323.978	0	0
ENST00000398078	1069	893.978	0.00215194	2.0059
ENST00000398431	452	276.978	0	0
ENST00000421927	2280	2104.98	0	0
ENST00000399149	530	354.978	0	0
ENST00000399295	1074	898.978	0	0
ENST00000413778	887	711.978	0	0
ENST00000411828	959	783.978	0	0
ENST00000400094	589	413.978	1	2012.93
ENST00000409416	3430	3254.98	0	0
ENST00000420685	446	270.978	0	0
ENST00000400385	4598	4422.98	1.6327	307.608
ENST00000415182	2176	2000.98	1	416.451
ENST00000412526	870	694.978	0	0
ENST00000421049	339	168.511	0	0
ENST00000421051	1361	1185.98	0	0
ENST00000398227	1606	1430.98	0	0
ENST00000419943	583	407.978	0	0
ENST00000415863	706	530.978	0	0
ENST00000419921	767	591.978	0	0
ENST00000416145	396	223.083	0	0
ENST00000419699	674	498.978	1.15438	1927.84
ENST00000404019	5374	5198.98	0	0
ENST00000400353	2090	1914.98	0.844768	367.604
ENST00000400165	603	427.978	0	0
ENST00000397694	534	358.978	0	0
ENST00000399907	3472	3296.98	0	0
ENST00000398919	1868	1692.98	0	0
ENST00000415143	412	238.056	0	0
ENST00000398437	3475	3299.98	0	0
ENST00000418766	3771	3595.98	0	0
ENST00000414486	422	248.056	0	0
ENST00000398058	4338	4162.98	4.89946	980.732
ENST00000414079	408	235.083	0	0
ENST00000415820	422	248.056	0	0
ENST00000389995	865	689.978	0	0
ENST00000400309	1986	1810.98	0	0
ENST00000400423	2622	2446.98	0	0
ENST00000424365	905	729.978	0	0
ENST00000390689	646	470.978	0	0
ENST00000400365	873	697.978	0	0
ENST00000399976	2963	2787.98	0	0
ENST00000397691	764	588.978	0	0
ENST00000420877	2632	2456.98	1	339.16
ENST00000399207	1160	984.978	0	0
ENST00000420273	784	608.978	0	0
ENST00000398137	1019	843.978	0	0
ENST00000419461	702	526.978	0	0
ENST00000400117	770	594.978	0	0
ENST00000399120	6466	6290.98	6.80626	901.564
ENST00000399899	2068	1892.98	0	0
ENST00000414617	616	440.978	0	0
ENST00000398714	2341	2165.98	0	0
ENST00000410005	756	580.978	0	0
ENST00000412426	991	815.978	0	0
ENST00000399947	2003	1827.98	0	0
ENST00000425091	512	336.978	0	0
ENST00000398081	2251	2075.98	0	0
ENST00000425979	482	306.978	0	0
ENST00000411651	1921	1745.98	0	0
ENST00000398753	699	523.978	0	0
ENST00000414699	336	165.511	0	0
ENST00000589300	718	542.978	0	0
ENST00000582241	73	22.1667	0	0
ENST00000608591	1979	1803.98	0	0
ENST00000478183	1818	1642.98	3.81644	1935.68
ENST00000467445	977	801.978	0	0
ENST00000609713	19645	19470	2	85.5995
ENST00000472777	460	284.978	0	0
ENST00000455528	8394	8218.98	0	0
ENST00000426771	361	188.987	0	0
ENST00000456613	319	149.889	0	0
ENST00000435493	349	176.987	0	0
ENST00000487113	1009	833.978	0	0
ENST00000448049	3507	3331.98	0	0
ENST00000441403	715	539.978	0	0
ENST00000609782	763	587.978	0	0
ENST00000616627	86	25.1	0	0
ENST00000450190	376	203.987	0.000256698	1.04864
ENST00000491625	1308	1132.98	0	0
ENST00000613317	856	680.978	0	0
ENST00000455028	698	522.978	0	0
ENST00000466787	1416	1240.98	0.19566	131.385
ENST00000481477	2761	2585.98	0	0
ENST00000447125	783	607.978	2	2741.25
ENST00000498210	366	193.987	0	0
ENST00000482761	2524	2348.98	1.88597	669.057
ENST00000450472	937	761.978	2	2187.23
ENST00000439274	2517	2341.98	2.53476	901.904
ENST00000615262	101	32.6154	0	0
ENST00000617336	101	32.6154	0	0
ENST00000530812	4306	4130.98	0	0
ENST00000471540	3176	3000.98	0	0
ENST00000493524	890	714.978	0	0
ENST00000430635	693	517.978	0	0
ENST00000449640	1278	1102.98	0	0
ENST00000462224	683	507.978	0	0
ENST00000437626	5032	4856.98	0	0
ENST00000485550	745	569.978	0	0
ENST00000542230	2375	2199.98	0	0
ENST00000463917	441	265.978	0	0
ENST00000438059	697	521.978	0	0
ENST00000491729	2143	1967.98	2	846.869
ENST00000476848	2969	2793.98	4.95826	1478.81
ENST00000465978	345	173.75	0	0
ENST00000467280	450	274.978	0	0
ENST00000464078	508	332.978	0	0
ENST00000478372	356	183.987	0	0
ENST00000431599	417	243.056	0	0
ENST00000450823	238	77.1971	0	0
ENST00000610276	676	500.978	0	0
ENST00000433524	1386	1210.98	0	0
ENST00000438657	1115	939.978	0.795547	705.269
ENST00000430874	1036	860.978	0	0
ENST00000450653	790	614.978	0	0
ENST00000497313	457	281.978	0	0
ENST00000483315	1872	1696.98	5.24505e-07	0.000257561
ENST00000497630	933	757.978	0.635935	699.137
ENST00000430815	717	541.978	0	0
ENST00000438055	3606	3430.98	0	0
ENST00000481113	570	394.978	1.65018	3481.48
ENST00000476784	7425	7249.98	0	0
ENST00000496121	1326	1150.98	0	0
ENST00000447844	644	468.978	2	3553.72
ENST00000445481	146	28.7288	0	0
ENST00000602620	372	199.987	0	0
ENST00000612624	1021	845.978	0	0
ENST00000461281	582	406.978	0	0
ENST00000612957	755	579.978	0	0
ENST00000522931	573	397.978	0.517918	1084.45
ENST00000457162	794	618.978	1	1346.27
ENST00000558955	629	453.978	0	0
ENST00000467510	427	251.978	0	0
ENST00000426672	693	517.978	0	0
ENST00000615959	180	36.2695	0.5	11487.7
ENST00000482032	799	623.978	0	0
ENST00000491395	619	443.978	0	0
ENST00000428693	999	823.978	1	1011.32
ENST00000492656	1153	977.978	0	0
ENST00000615718	700	524.978	1.0797	1713.83
ENST00000455177	581	405.978	0	0
ENST00000452561	1761	1585.98	0	0
ENST00000479586	841	665.978	0	0
ENST00000429033	2259	2083.98	0	0
ENST00000446301	562	386.978	0	0
ENST00000444178	309	141.197	0	0
ENST00000602921	581	405.978	0	0
ENST00000448054	499	323.978	0	0
ENST00000488791	778	602.978	0	0
ENST00000430354	486	310.978	0.812638	2177.58
ENST00000490091	1512	1336.98	3.24579	2023.03
ENST00000456904	912	736.978	0	0
ENST00000612273	3251	3075.98	0	0
ENST00000453699	765	589.978	0	0
ENST00000497873	2277	2101.98	2.2034	873.519
ENST00000448649	500	324.978	1	2564.2
ENST00000580069	75	20.8571	0	0
ENST00000460212	1293	1117.98	0	0
ENST00000442441	982	806.978	0	0
ENST00000456880	2056	1880.98	0	0
ENST00000433067	6124	5948.98	0	0
ENST00000523323	2823	2647.98	0.000115509	0.0363504
ENST00000472602	766	590.978	0	0
ENST00000481638	384	211.083	0	0
ENST00000481458	541	365.978	0.457151	1040.9
ENST00000479654	2911	2735.98	2.52469	768.957
ENST00000523126	577	401.978	0	0
ENST00000449214	840	664.978	0	0
ENST00000606322	83	22.1	0	0
ENST00000482186	4542	4366.98	2.48365	473.933
ENST00000484983	340	169.511	0	0
ENST00000465968	631	455.978	0	0
ENST00000448845	392	219.083	0	0
ENST00000497664	590	414.978	0.257254	516.587
ENST00000462050	3037	2861.98	0	0
ENST00000442773	541	365.978	0	0
ENST00000460989	1521	1345.98	0	0
ENST00000486427	539	363.978	0	0
ENST00000485895	2551	2375.98	0	0
ENST00000495344	606	430.978	0	0
ENST00000440629	520	344.978	0	0
ENST00000521995	556	380.978	0	0
ENST00000427839	648	472.978	0	0
ENST00000497805	1908	1732.98	0	0
ENST00000536861	1529	1353.98	0	0
ENST00000430093	1656	1480.98	0	0
ENST00000440221	1004	828.978	0	0
ENST00000431150	285	118.941	1	7006.08
ENST00000612277	6112	5936.98	0.000264581	0.0371365
ENST00000492229	306	138.197	0	0
ENST00000613970	806	630.978	2	2641.33
ENST00000450880	1275	1099.98	0	0
ENST00000470944	1746	1570.98	2.01407	1068.35
ENST00000495005	586	410.978	4.87746	9889.65
ENST00000485493	1626	1450.98	0	0
ENST00000498430	5228	5052.98	0.8388	138.33
ENST00000488492	909	733.978	0	0
ENST00000435738	355	182.987	0	0
ENST00000462212	1102	926.978	0	0
ENST00000444409	619	443.978	0	0
ENST00000431901	582	406.978	0	0
ENST00000429903	387	214.083	0	0
ENST00000485591	777	601.978	0	0
ENST00000472587	2903	2727.98	0	0
ENST00000458387	1874	1698.98	0	0
ENST00000547141	315	146.545	0	0
ENST00000470886	4634	4458.98	4	747.534
ENST00000479117	1510	1334.98	0	0
ENST00000460557	786	610.978	0	0
ENST00000612463	153	29.5068	0	0
ENST00000442550	572	396.978	0	0
ENST00000437180	5967	5791.98	0	0
ENST00000430391	781	605.978	1	1375.15
ENST00000462214	587	411.978	0	0
ENST00000440526	1026	850.978	2.869	2809.43
ENST00000608759	426	250.978	0	0
ENST00000485488	720	544.978	0	0
ENST00000607049	762	586.978	0	0
ENST00000481582	4080	3904.98	0	0
ENST00000439213	906	730.978	2.53807	2893.38
ENST00000468508	1435	1259.98	2.05525	1359.28
ENST00000470800	835	659.978	0	0
ENST00000448832	496	320.978	0	0
ENST00000470658	901	725.978	0	0
ENST00000460305	389	216.083	0	0
ENST00000600155	1108	932.978	0	0
ENST00000612702	3046	2870.98	0	0
ENST00000460174	600	424.978	0	0
ENST00000516464	97	31	0	0
ENST00000444998	2193	2017.98	2	825.886
ENST00000491838	843	667.978	0	0
ENST00000426947	1083	907.978	0	0
ENST00000454980	649	473.978	1	1758.12
ENST00000482915	665	489.978	1	1700.71
ENST00000516236	136	33.6111	0	0
ENST00000481022	736	560.978	0	0
ENST00000577708	61	24.6667	0	0
ENST00000443046	823	647.978	0	0
ENST00000551367	513	337.978	0	0
ENST00000472557	732	556.978	0	0
ENST00000464357	1041	865.978	0	0
ENST00000484090	429	253.978	0	0
ENST00000466846	3879	3703.98	5.7966	1304.1
ENST00000617205	644	468.978	1	1776.86
ENST00000440810	703	527.978	0	0
ENST00000437557	1641	1465.98	3.23418	1838.41
ENST00000441910	464	288.978	0	0
ENST00000616952	225	65.803	0	0
ENST00000466434	1150	974.978	0	0
ENST00000478674	485	309.978	0	0
ENST00000440714	292	125.941	0	0
ENST00000482533	2686	2510.98	0	0
ENST00000540756	2025	1849.98	0	0
ENST00000455116	450	274.978	0	0
ENST00000474114	6007	5831.98	0	0
ENST00000479325	537	361.978	0	0
ENST00000477419	771	595.978	1	1398.22
ENST00000493640	282	115.941	0	0
ENST00000489072	1014	838.978	0	0
ENST00000612139	90	26.5455	0	0
ENST00000521987	563	387.978	1.87251	4021.83
ENST00000429271	606	430.978	3	5800.59
ENST00000458316	1122	946.978	0	0
ENST00000456917	1600	1424.98	18	10526.2
ENST00000485190	616	440.978	0	0
ENST00000490184	853	677.978	0	0
ENST00000487869	537	361.978	0	0
ENST00000607953	591	415.978	1	2003.25
ENST00000428809	1332	1156.98	0	0
ENST00000617668	736	560.978	0	0
ENST00000451618	2198	2022.98	0	0
ENST00000487711	925	749.978	0	0
ENST00000495521	1565	1389.98	0	0
ENST00000498614	2358	2182.98	0.838841	320.211
ENST00000449746	446	270.978	0	0
ENST00000487909	4131	3955.98	2	421.291
ENST00000447207	4928	4752.98	0	0
ENST00000489903	2276	2100.98	0	0
ENST00000486520	4031	3855.98	4	864.434
ENST00000495217	703	527.978	0	0
ENST00000443479	412	238.056	0	0
ENST00000480690	321	151.226	0.780123	4298.77
ENST00000454737	383	210.083	0	0
ENST00000478313	539	363.978	1	2289.45
ENST00000489319	3412	3236.98	0	0
ENST00000490220	762	586.978	0	0
ENST00000602935	554	378.978	0	0
ENST00000427301	3216	3040.98	0	0
ENST00000487155	786	610.978	0	0
ENST00000485933	417	243.056	0	0
ENST00000463060	863	687.978	0	0
ENST00000454795	836	660.978	0	0
ENST00000430538	502	326.978	0	0
ENST00000454622	682	506.978	0	0
ENST00000599569	2260	2084.98	0	0
ENST00000447938	1258	1082.98	0	0
ENST00000450533	2451	2275.98	0	0
ENST00000460328	573	397.978	1	2093.86
ENST00000451615	795	619.978	0	0
ENST00000473988	627	451.978	0	0
ENST00000457325	1542	1366.98	0	0
ENST00000609694	555	379.978	0	0
ENST00000496824	1063	887.978	0	0
ENST00000455567	2325	2149.98	6.30005	2441.84
ENST00000474336	438	262.978	0.631427	2000.83
ENST00000475776	2178	2002.98	0	0
ENST00000453420	4486	4310.98	2.58101	498.909
ENST00000518236	1052	876.978	0	0
ENST00000475618	229	68.1971	0	0
ENST00000490468	1415	1239.98	0.947561	636.795
ENST00000491952	247	85.0474	1	9798.18
ENST00000534991	831	655.978	0	0
ENST00000433465	1457	1281.98	0	0
ENST00000540844	1927	1751.98	0	0
ENST00000479152	648	472.978	1	1761.83
ENST00000488166	986	810.978	2.26031	2322.55
ENST00000496124	435	259.978	0	0
ENST00000498670	791	615.978	0	0
ENST00000473107	560	384.978	0	0
ENST00000487266	780	604.978	0	0
ENST00000436227	5269	5093.98	0	0
ENST00000481185	3377	3201.98	0	0
ENST00000609132	668	492.978	0	0
ENST00000434589	288	121.941	0	0
ENST00000461785	646	470.978	0	0
ENST00000464589	4718	4542.98	0	0
ENST00000484887	445	269.978	0	0
ENST00000490982	904	728.978	0	0
ENST00000579533	299	131.197	0	0
ENST00000480452	526	350.978	0	0
ENST00000454567	350	177.987	0	0
ENST00000435744	1610	1434.98	0	0
ENST00000446166	754	578.978	0	0
ENST00000476948	603	427.978	2.48811	4844.56
ENST00000496774	827	651.978	0	0
ENST00000617390	92	28.5455	0	0
ENST00000452460	644	468.978	0	0
ENST00000492336	1290	1114.98	0	0
ENST00000609592	482	306.978	0	0
ENST00000553001	929	753.978	0	0
ENST00000453784	2908	2732.98	7.92496	2416.39
ENST00000481302	476	300.978	1	2768.67
ENST00000484878	675	499.978	0	0
ENST00000463070	582	406.978	0	0
ENST00000497547	3022	2846.98	8.3146	2433.68
ENST00000429132	338	167.511	0.654522	3256.02
ENST00000465532	791	615.978	0	0
ENST00000466134	5986	5810.98	1.89036	271.083
ENST00000435611	618	442.978	0	0
ENST00000490666	577	401.978	4.40267	9126.83
ENST00000486746	530	354.978	0.614156	1441.73
ENST00000465834	957	781.978	0.183558	195.607
ENST00000468009	616	440.978	0	0
ENST00000449165	4559	4383.98	0	0
ENST00000434853	354	181.987	0	0
ENST00000456017	612	436.978	0	0
ENST00000455508	1187	1011.98	0	0
ENST00000590829	703	527.978	0	0
ENST00000450936	582	406.978	1	2047.55
ENST00000462349	1038	862.978	1	965.621
ENST00000432830	522	346.978	0	0
ENST00000447384	954	778.978	0	0
ENST00000444046	1153	977.978	0	0
ENST00000585273	751	575.978	0	0
ENST00000459895	588	412.978	0	0
ENST00000488392	466	290.978	1.2386	3547.13
ENST00000433395	1000	824.978	0	0
ENST00000428914	655	479.978	1	1736.14
ENST00000436765	624	448.978	0	0
ENST00000609365	559	383.978	0	0
ENST00000613359	153	29.5068	0	0
ENST00000437996	595	419.978	0	0
ENST00000435590	2219	2043.98	0	0
ENST00000517106	92	28.5455	0	0
ENST00000475864	668	492.978	0	0
ENST00000468982	1093	917.978	0	0
ENST00000457669	1133	957.978	0	0
ENST00000459922	724	548.978	0	0
ENST00000611755	311	143.197	0	0
ENST00000483977	3934	3758.98	3.80079	842.578
ENST00000458495	518	342.978	0	0
ENST00000444036	316	147.545	0	0
ENST00000450928	666	490.978	0	0
ENST00000440379	838	662.978	0	0
ENST00000477954	1034	858.978	0	0
ENST00000472588	1410	1234.98	0	0
ENST00000474596	2105	1929.98	0	0
ENST00000471689	614	438.978	0	0
ENST00000443408	2315	2139.98	0	0
ENST00000482575	578	402.978	1	2067.88
ENST00000478680	416	242.056	2.61471	9001.47
ENST00000460020	890	714.978	0	0
ENST00000468360	757	581.978	0	0
ENST00000456957	569	393.978	0	0
ENST00000479153	1736	1560.98	4.37256	2334.24
ENST00000596207	608	432.978	0	0
ENST00000471902	689	513.978	0	0
ENST00000482980	3364	3188.98	0	0
ENST00000471909	2544	2368.98	0	0
ENST00000496759	377	204.987	0	0
ENST00000548700	304	136.197	0	0
ENST00000602580	560	384.978	0	0
ENST00000431661	308	140.197	0	0
ENST00000616689	597	421.978	0	0
ENST00000463674	1013	837.978	0	0
ENST00000450121	918	742.978	1	1121.58
ENST00000601471	538	362.978	0	0
ENST00000494243	861	685.978	0	0
ENST00000610988	2195	2019.98	0	0
ENST00000491756	733	557.978	0	0
ENST00000482273	729	553.978	0.00372722	5.60659
ENST00000609556	1341	1165.98	0	0
ENST00000472191	318	148.889	0	0
ENST00000431166	1014	838.978	0	0
ENST00000498789	959	783.978	1	1062.92
ENST00000441787	6542	6366.98	0	0
ENST00000464058	531	355.978	0.615158	1440.02
ENST00000608632	659	483.978	0	0
ENST00000489175	2041	1865.98	0	0
ENST00000466453	374	201.987	0	0
ENST00000472364	2542	2366.98	3.43421	1209.03
ENST00000581792	180	36.2695	0.5	11487.7
ENST00000612472	2959	2783.98	0	0
ENST00000484861	453	277.978	0	0
ENST00000458015	643	467.978	0	0
ENST00000471407	665	489.978	0	0
ENST00000476084	602	426.978	0	0
ENST00000494690	612	436.978	0	0
ENST00000455867	1644	1468.98	0	0
ENST00000469395	563	387.978	0	0
ENST00000438788	620	444.978	0	0
ENST00000485067	2259	2083.98	5	1999.32
ENST00000430064	377	204.987	0	0
ENST00000494829	3622	3446.98	1	241.751
ENST00000465077	728	552.978	0	0
ENST00000473381	2754	2578.98	0	0
ENST00000467358	3955	3779.98	7.23882	1595.82
ENST00000491486	520	344.978	0.626706	1513.83
ENST00000469658	437	261.978	0	0
ENST00000492638	1017	841.978	0	0
ENST00000436303	446	270.978	0	0
ENST00000608043	551	375.978	0	0
ENST00000432085	3184	3008.98	0	0
ENST00000451131	657	481.978	0	0
ENST00000448927	4354	4178.98	4.80787	958.714
ENST00000460011	1260	1084.98	0	0
ENST00000616529	615	439.978	0	0
ENST00000437194	443	267.978	0	0
ENST00000437258	932	756.978	0	0
ENST00000436357	603	427.978	0	0
ENST00000602505	189	38.3706	0	0
ENST00000458992	160	30.1209	0	0
ENST00000486303	708	532.978	0	0
ENST00000447939	512	336.978	0	0
ENST00000448287	454	278.978	0	0
ENST00000434859	847	671.978	2	2480.17
ENST00000445440	1375	1199.98	0	0
ENST00000451462	601	425.978	0	0
ENST00000615804	2195	2019.98	0	0
ENST00000546158	2199	2023.98	0	0
ENST00000583100	276	110.447	0	0
ENST00000491298	819	643.978	0	0
ENST00000457143	589	413.978	1	2012.93
ENST00000434195	531	355.978	0	0
ENST00000479202	704	528.978	1.70091	2679.47
ENST00000476106	586	410.978	4.61106e-08	9.3495e-05
ENST00000608410	312	144.197	0	0
ENST00000454921	816	640.978	0	0
ENST00000427746	666	490.978	0	0
ENST00000498666	4781	4605.98	8.54054	1545.15
ENST00000482953	3595	3419.98	2.55629	622.865
ENST00000457565	323	153.226	0	0
ENST00000438852	635	459.978	0	0
ENST00000426942	269	103.447	0	0
ENST00000462267	667	491.978	0	0
ENST00000527919	2409	2233.98	0	0
ENST00000427451	1640	1464.98	0	0
ENST00000487374	469	293.978	0	0
ENST00000491828	889	713.978	0	0
ENST00000617746	859	683.978	0	0
ENST00000455391	461	285.978	0	0
ENST00000443486	507	331.978	0	0
ENST00000470545	544	368.978	0	0
ENST00000441759	977	801.978	0	0
ENST00000438404	849	673.978	0	0
ENST00000426537	876	700.978	1.03291	1227.9
ENST00000467616	676	500.978	0	0
ENST00000484403	808	632.978	0	0
ENST00000431743	355	182.987	0	0
ENST00000547595	313	145.197	0.817312	4690.68
ENST00000440405	613	437.978	0	0
ENST00000479378	1062	886.978	0	0
ENST00000459639	1675	1499.98	0.816335	453.513
ENST00000474455	1857	1681.98	0.879422	435.696
ENST00000452500	530	354.978	0	0
ENST00000459741	5826	5650.98	2.45943	362.675
ENST00000530908	1924	1748.98	2	952.91
ENST00000464265	3437	3261.98	3.07724	786.117
ENST00000616815	443	267.978	1	3109.62
ENST00000480147	3744	3568.98	3.7586	877.583
ENST00000550131	349	176.987	1	4708.31
ENST00000485621	537	361.978	1.13771e-05	0.0261913
ENST00000429739	783	607.978	0	0
ENST00000442559	431	255.978	0	0
ENST00000496607	4075	3899.98	5.92336	1265.65
ENST00000444130	435	259.978	1	3205.3
ENST00000497243	917	741.978	0	0
ENST00000428669	579	403.978	0	0
ENST00000473752	1638	1462.98	0	0
ENST00000478268	3202	3026.98	7.43587	2047.05
ENST00000433210	636	460.978	0	0
ENST00000470196	654	478.978	0	0
ENST00000583496	76	21.8571	0	0
ENST00000493019	2880	2704.98	0	0
ENST00000482679	1956	1780.98	0.937597	438.696
ENST00000596669	838	662.978	1	1256.92
ENST00000588753	589	413.978	0	0
ENST00000442605	575	399.978	1	2083.39
ENST00000479810	2742	2566.98	0	0
ENST00000593338	557	381.978	0	0
ENST00000541036	7018	6842.98	0	0
ENST00000433957	2402	2226.98	0	0
ENST00000602901	356	183.987	0	0
ENST00000456825	293	126.941	0	0
ENST00000468717	706	530.978	0	0
ENST00000478932	2605	2429.98	4	1371.72
ENST00000433951	1109	933.978	1	892.215
ENST00000481921	716	540.978	1	1540.38
ENST00000431390	1552	1376.98	0	0
ENST00000462571	1784	1608.98	0	0
ENST00000466954	809	633.978	0	0
ENST00000565959	1782	1606.98	2	1037.11
ENST00000487994	994	818.978	0	0
ENST00000432504	619	443.978	0	0
ENST00000473212	2515	2339.98	0	0
ENST00000494252	440	264.978	0	0
ENST00000444161	235	74.1971	0	0
ENST00000471860	718	542.978	0	0
ENST00000469412	2313	2137.98	0	0
ENST00000435722	2760	2584.98	0	0
ENST00000452572	888	712.978	1	1168.77
ENST00000455164	2810	2634.98	11.3677	3595.02
ENST00000488522	853	677.978	0	0
ENST00000491513	744	568.978	0	0
ENST00000483973	579	403.978	0	0
ENST00000476326	1977	1801.98	0	0
ENST00000495240	972	796.978	0	0
ENST00000445582	582	406.978	1.5985	3273.02
ENST00000496601	378	205.987	0	0
ENST00000498841	3122	2946.98	1.71112	483.85
ENST00000483568	398	225.083	0	0
ENST00000455275	392	219.083	0	0
ENST00000450830	449	273.978	0	0
ENST00000492760	400	227.083	0	0
ENST00000433588	1376	1200.98	0	0
ENST00000441666	441	265.978	0	0
ENST00000475009	715	539.978	0	0
ENST00000435732	1151	975.978	0	0
ENST00000522688	606	430.978	0	0
ENST00000437492	853	677.978	1	1229.11
ENST00000608289	510	334.978	0	0
ENST00000609985	693	517.978	0	0
ENST00000547341	595	419.978	0	0
ENST00000467577	264	98.9037	0	0
ENST00000616522	101	32.6154	0	0
ENST00000495475	199	45.6923	1.95612	35674.6
ENST00000489261	1108	932.978	0	0
ENST00000593619	599	423.978	0	0
ENST00000470912	894	718.978	0	0
ENST00000472318	796	620.978	1	1341.93
ENST00000491776	1515	1339.98	1.70264	1058.84
ENST00000608431	260	96.7103	0	0
ENST00000490803	1865	1689.98	0	0
ENST00000460740	811	635.978	2	2620.56
ENST00000549932	555	379.978	0	0
ENST00000585040	80	19.1	0	0
ENST00000451410	424	250.056	0	0
ENST00000441379	2282	2106.98	4.34548	1718.64
ENST00000440052	3523	3347.98	4	995.598
ENST00000457068	924	748.978	0	0
ENST00000445724	2497	2321.98	0	0
ENST00000471490	4564	4388.98	1.15256	218.831
ENST00000427188	967	791.978	0	0
ENST00000490393	1885	1709.98	5.52525	2692.58
ENST00000482192	793	617.978	0	0
ENST00000449949	463	287.978	0	0
ENST00000491666	1196	1020.98	1.65267	1348.89
ENST00000484028	688	512.978	0	0
ENST00000485357	1082	906.978	0	0
ENST00000455392	767	591.978	0	0
ENST00000485865	549	373.978	0.693351	1544.95
ENST00000602454	467	291.978	0	0
ENST00000447052	739	563.978	0	0
ENST00000493811	577	401.978	0	0
ENST00000451035	2108	1932.98	0	0
ENST00000435878	516	340.978	0	0
ENST00000447177	751	575.978	0.73293	1060.38
ENST00000460521	2818	2642.98	0	0
ENST00000608072	691	515.978	2	3230.02
ENST00000549158	626	450.978	0	0
ENST00000458922	177	34.0072	1	24503.9
ENST00000463599	338	167.511	0	0
ENST00000603349	851	675.978	0	0
ENST00000496779	1570	1394.98	1.40481	839.184
ENST00000439593	528	352.978	1	2360.8
ENST00000433101	861	685.978	0	0
ENST00000612610	1162	986.978	0	0
ENST00000493295	1991	1815.98	0	0
ENST00000479424	647	471.978	0	0
ENST00000609953	652	476.978	0	0
ENST00000453500	292	125.941	0	0
ENST00000496462	3973	3797.98	8.05207	1766.69
ENST00000441268	2095	1919.98	0	0
ENST00000481609	970	794.978	0	0
ENST00000435072	692	516.978	0	0
ENST00000433303	276	110.447	0	0
ENST00000489676	419	245.056	0	0
ENST00000497881	1708	1532.98	1.55261	843.981
ENST00000496783	1725	1549.98	2	1075.25
ENST00000463668	2178	2002.98	1.34645	560.169
ENST00000498151	493	317.978	0	0
ENST00000613803	101	32.6154	0	0
ENST00000593977	640	464.978	0	0
ENST00000617870	6176	6000.98	0	0
ENST00000433071	822	646.978	0	0
ENST00000612267	3336	3160.98	0	0
ENST00000480950	318	148.889	0	0
ENST00000469482	702	526.978	0.369486	584.268
ENST00000449395	6662	6486.98	1.20704	155.055
ENST00000427803	1077	901.978	0	0
ENST00000441677	583	407.978	2.39223	4886.2
ENST00000475402	536	360.978	1	2308.48
ENST00000426578	784	608.978	0	0
ENST00000480896	10485	10310	8.8169	712.631
ENST00000472272	581	405.978	0	0
ENST00000568332	529	353.978	1	2354.13
ENST00000480786	807	631.978	0	0
ENST00000472184	1787	1611.98	0	0
ENST00000484712	574	398.978	0.78198	1633.25
ENST00000437238	2004	1828.98	0	0
ENST00000429236	2212	2036.98	2	818.182
ENST00000474132	628	452.978	0	0
ENST00000470987	1954	1778.98	0	0
ENST00000517141	136	33.6111	0	0
ENST00000487434	300	132.197	1	6303.53
ENST00000504298	821	645.978	2	2579.99
ENST00000517819	527	351.978	0	0
ENST00000495274	951	775.978	0	0
ENST00000443703	707	531.978	0	0
ENST00000524251	568	392.978	0	0
ENST00000491110	516	340.978	2.0354	4974.28
ENST00000495363	1029	853.978	0	0
ENST00000468090	7297	7121.98	0.000337378	0.0394751
ENST00000458295	812	636.978	0	0
ENST00000442434	428	252.978	1	3294
ENST00000486519	682	506.978	0	0
ENST00000461686	2656	2480.98	2.50225	840.454
ENST00000431216	891	715.978	0.552922	643.532
ENST00000560448	1429	1253.98	0	0
ENST00000594320	686	510.978	0	0
ENST00000435323	1601	1425.98	0	0
ENST00000476524	806	630.978	0	0
ENST00000610200	717	541.978	0	0
ENST00000459909	618	442.978	1	1881.15
ENST00000465732	683	507.978	4.9509e-06	0.00812166
ENST00000484808	251	89.0474	0	0
ENST00000610460	153	29.5068	0	0
ENST00000469079	1689	1513.98	0	0
ENST00000609947	892	716.978	0	0
ENST00000433806	578	402.978	0	0
ENST00000486023	968	792.978	0	0
ENST00000471250	1676	1500.98	0	0
ENST00000492864	1402	1226.98	1.59352	1082.25
ENST00000447405	778	602.978	0	0
ENST00000609910	452	276.978	1	3008.57
ENST00000600590	1573	1397.98	0	0
ENST00000481512	583	407.978	0.00113055	2.3092
ENST00000478426	515	339.978	0	0
ENST00000476313	1704	1528.98	0	0
ENST00000569966	824	648.978	0	0
ENST00000445245	1682	1506.98	0	0
ENST00000615172	2472	2296.98	1	362.785
ENST00000610063	478	302.978	0	0
ENST00000602568	530	354.978	1	2347.49
ENST00000617313	2237	2061.98	0	0
ENST00000462566	430	254.978	0	0
ENST00000548570	361	188.987	0	0
ENST00000582575	636	460.978	0	0
ENST00000440363	720	544.978	0	0
ENST00000535199	1221	1045.98	1	796.68
ENST00000474775	452	276.978	0	0
ENST00000440664	714	538.978	0	0
ENST00000430181	374	201.987	0	0
ENST00000468392	1094	918.978	7.44967	6755.2
ENST00000613894	1708	1532.98	0	0
ENST00000490860	624	448.978	0	0
ENST00000464435	845	669.978	1	1243.79
ENST00000482663	616	440.978	1	1889.68
ENST00000458138	863	687.978	0	0
ENST00000431229	1465	1289.98	0	0
ENST00000437109	616	440.978	0	0
ENST00000444356	458	282.978	0	0
ENST00000486741	4299	4123.98	0	0
ENST00000450895	1050	874.978	0	0
ENST00000591223	572	396.978	1.60308	3365.07
ENST00000608641	777	601.978	0	0
ENST00000451211	1878	1702.98	0	0
ENST00000549362	606	430.978	0	0
ENST00000460905	715	539.978	0	0
ENST00000617971	2094	1918.98	0	0
ENST00000522411	2523	2347.98	1.10774	393.142
ENST00000496773	2598	2422.98	0	0
ENST00000429727	1052	876.978	0	0
ENST00000484627	157	29.0588	0	0
ENST00000464037	2492	2316.98	0	0
ENST00000481460	455	279.978	1.91292	5693.5
ENST00000447037	686	510.978	0	0
ENST00000602339	565	389.978	0	0
ENST00000473102	575	399.978	0	0
ENST00000615826	733	557.978	0	0
ENST00000495055	1597	1421.98	0	0
ENST00000485272	2005	1829.98	0	0
ENST00000617004	561	385.978	0	0
ENST00000448063	693	517.978	0	0
ENST00000448850	1846	1670.98	0	0
ENST00000507941	1354	1178.98	0	0
ENST00000437338	1745	1569.98	0	0
ENST00000436845	423	249.056	0	0
ENST00000429238	1078	902.978	0	0
ENST00000608767	431	255.978	0	0
ENST00000547657	750	574.978	0	0
ENST00000602323	475	299.978	0	0
ENST00000450007	482	306.978	0	0
ENST00000469087	1790	1614.98	0	0
ENST00000445197	310	142.197	0	0
ENST00000485299	687	511.978	0	0
ENST00000431167	291	124.941	0	0
ENST00000440126	2846	2670.98	0	0
ENST00000492275	769	593.978	0	0
ENST00000493196	3094	2918.98	2	570.96
ENST00000449877	453	277.978	0	0
ENST00000449339	2233	2057.98	3	1214.75
ENST00000428667	715	539.978	0	0
ENST00000469521	759	583.978	0	0
ENST00000549805	740	564.978	0	0
ENST00000447535	2790	2614.98	0	0
ENST00000439840	631	455.978	0	0
ENST00000454128	816	640.978	1	1300.06
ENST00000437395	1719	1543.98	0	0
ENST00000490714	759	583.978	0	0
ENST00000462569	762	586.978	0	0
ENST00000494310	712	536.978	0	0
ENST00000447861	3260	3084.98	1	270.119
ENST00000458654	587	411.978	0	0
ENST00000466882	654	478.978	0.0388392	67.5711
ENST00000464664	460	284.978	0	0
ENST00000432412	478	302.978	0	0
ENST00000482318	1710	1534.98	0	0
ENST00000472429	1775	1599.98	0	0
ENST00000443742	777	601.978	0	0
ENST00000615480	2617	2441.98	0	0
ENST00000480486	1152	976.978	1	852.946
ENST00000430327	1011	835.978	0	0
ENST00000453716	753	577.978	0	0
ENST00000611936	3222	3046.98	0	0
ENST00000486902	794	618.978	0	0
ENST00000475047	819	643.978	0.648101	838.645
ENST00000439392	497	321.978	0	0
ENST00000614492	61	24.6667	0	0
ENST00000430247	683	507.978	0	0
ENST00000453159	1499	1323.98	1	629.398
ENST00000446910	580	404.978	0	0
ENST00000492833	938	762.978	0	0
ENST00000616420	92	28.5455	0	0
ENST00000488167	688	512.978	0	0
ENST00000496664	5033	4857.98	0	0
ENST00000444306	601	425.978	0	0
ENST00000441013	1380	1204.98	0	0
ENST00000457881	560	384.978	0	0
ENST00000482084	4123	3947.98	0	0
ENST00000441947	2323	2147.98	0	0
ENST00000432875	472	296.978	0	0
ENST00000460886	306	138.197	0	0
ENST00000429161	745	569.978	0	0
ENST00000552581	875	699.978	0	0
ENST00000436405	396	223.083	0	0
ENST00000493503	250	88.0474	0	0
ENST00000469939	739	563.978	0	0
ENST00000492603	551	375.978	0	0
ENST00000426819	837	661.978	0	0
ENST00000480234	398	225.083	0	0
ENST00000489469	780	604.978	0	0
ENST00000468864	3909	3733.98	0.597183	133.273
ENST00000475072	658	482.978	1.53235	2643.84
ENST00000547201	757	581.978	0.703683	1007.57
ENST00000486937	4593	4417.98	2.86142	539.715
ENST00000448152	962	786.978	0	0
ENST00000479127	759	583.978	0	0
ENST00000470108	1176	1000.98	0	0
ENST00000435279	1733	1557.98	0	0
ENST00000468016	981	805.978	0	0
ENST00000495892	4064	3888.98	6	1285.65
ENST00000613590	89	28.1	0	0
ENST00000460932	616	440.978	0	0
ENST00000467074	1952	1776.98	0	0
ENST00000484865	588	412.978	1.4326	2890.7
ENST00000481710	1220	1044.98	0	0
ENST00000594752	489	313.978	0	0
ENST00000617716	3264	3088.98	3.68493	994.08
ENST00000460704	795	619.978	0	0
ENST00000474319	3601	3425.98	0	0
ENST00000480553	1906	1730.98	1.35966	654.552
ENST00000455170	480	304.978	0	0
ENST00000491389	616	440.978	0	0
ENST00000436529	806	630.978	0	0
ENST00000487990	2520	2344.98	0	0
ENST00000495858	555	379.978	1	2193.04
ENST00000443341	711	535.978	0	0
ENST00000457807	1548	1372.98	0	0
ENST00000439851	104	33.1429	0	0
ENST00000464867	816	640.978	0	0
ENST00000483896	805	629.978	0.160148	211.837
ENST00000443485	989	813.978	0.105518	108.024
ENST00000460259	2029	1853.98	0	0
ENST00000496321	1191	1015.98	1	820.204
ENST00000442815	2798	2622.98	3	953.088
ENST00000474011	1482	1306.98	0	0
ENST00000618007	2150	1974.98	0	0
ENST00000468039	609	433.978	0	0
ENST00000465905	563	387.978	0	0
ENST00000490032	405	232.083	0.89909	3228.25
ENST00000466474	895	719.978	0.353849	409.548
ENST00000520389	568	392.978	0	0
ENST00000486363	368	195.987	0	0
ENST00000452420	1556	1380.98	0	0
ENST00000441128	634	458.978	0	0
ENST00000456342	648	472.978	0	0
ENST00000442448	5034	4858.98	0	0
ENST00000452969	451	275.978	0	0
ENST00000445461	710	534.978	0	0
ENST00000608690	590	414.978	0	0
ENST00000451065	898	722.978	0	0
ENST00000468059	663	487.978	0	0
ENST00000599421	728	552.978	0	0
ENST00000432411	447	271.978	2	6127.76
ENST00000443300	1113	937.978	1	888.41
ENST00000451248	573	397.978	0	0
ENST00000517563	571	395.978	0	0
ENST00000435181	1110	934.978	0	0
ENST00000427447	9124	8948.98	5.39857	502.704
ENST00000434081	2155	1979.98	0	0
ENST00000479429	759	583.978	0	0
ENST00000493464	744	568.978	0	0
ENST00000615444	211	54.6134	0	0
ENST00000449491	687	511.978	1.73932	2830.97
ENST00000446649	500	324.978	0	0
ENST00000461123	637	461.978	0	0
ENST00000494435	2063	1887.98	2.64034	1165.39
ENST00000595747	796	620.978	0	0
ENST00000476914	461	285.978	0	0
ENST00000434667	3846	3670.98	0	0
ENST00000613704	284	117.941	0	0
ENST00000482775	1128	952.978	0	0
ENST00000437426	1754	1578.98	0	0
ENST00000432735	2302	2126.98	0	0
ENST00000463276	686	510.978	0	0
ENST00000477351	311	143.197	0	0
ENST00000467575	922	746.978	0	0
ENST00000605450	1063	887.978	0	0
ENST00000441465	680	504.978	0	0
ENST00000496044	673	497.978	0.0575373	96.2821
ENST00000443073	841	665.978	0	0
ENST00000483844	734	558.978	1	1490.77
ENST00000609062	863	687.978	0	0
ENST00000442071	491	315.978	0	0
ENST00000448247	1889	1713.98	0.367302	178.577
ENST00000433952	1598	1422.98	0	0
ENST00000478200	637	461.978	0	0
ENST00000468726	251	89.0474	0	0
ENST00000449840	424	250.056	0	0
ENST00000545939	1407	1231.98	0	0
ENST00000475205	431	255.978	0	0
ENST00000464750	966	790.978	0	0
ENST00000474136	1309	1133.98	0	0
ENST00000477513	400	227.083	0	0
ENST00000468474	1454	1278.98	0	0
ENST00000467060	344	173.511	0	0
ENST00000441820	530	354.978	0	0
ENST00000608622	586	410.978	0	0
ENST00000439427	1024	848.978	0	0
ENST00000475639	4694	4518.98	2.15837	398.008
ENST00000445341	1368	1192.98	0	0
ENST00000515969	96	30	0	0
ENST00000427491	741	565.978	0	0
ENST00000464215	389	216.083	0	0
ENST00000453844	468	292.978	1	2844.27
ENST00000463902	609	433.978	2	3840.33
ENST00000586552	292	125.941	0	0
ENST00000481838	562	386.978	0	0
ENST00000611994	61	24.6667	0	0
ENST00000485206	2341	2165.98	0	0
ENST00000492600	935	759.978	0	0
ENST00000492280	2707	2531.98	1.10091	362.325
ENST00000449923	241	79.8278	0	0
ENST00000445393	824	648.978	0	0
ENST00000458356	1701	1525.98	0	0
ENST00000479930	8998	8822.98	2.59271	244.876
ENST00000496416	481	305.978	1.942	5288.9
ENST00000450769	375	202.987	0	0
ENST00000472548	529	353.978	0	0
ENST00000609192	662	486.978	0	0
ENST00000471277	617	441.978	1.91737	3615.02
ENST00000440794	936	760.978	0	0
ENST00000428301	1279	1103.98	0	0
ENST00000462742	4532	4356.98	1.19213	228.005
ENST00000486126	583	407.978	0.51203	1045.84
ENST00000430607	339	168.511	0	0
ENST00000479849	427	251.978	0	0
ENST00000467818	792	616.978	0	0
ENST00000467731	2976	2800.98	2	595.013
ENST00000435315	695	519.978	0	0
ENST00000485790	1282	1106.98	1.55544	1170.9
ENST00000445242	379	206.987	0	0
ENST00000488556	633	457.978	0	0
ENST00000479557	364	191.987	0	0
ENST00000450205	699	523.978	0	0
ENST00000427446	504	328.978	0	0
ENST00000444977	287	120.941	0	0
ENST00000473813	944	768.978	0	0
ENST00000584169	589	413.978	0	0
ENST00000474368	2871	2695.98	2	618.187
ENST00000495656	535	359.978	0	0
ENST00000474737	580	404.978	0	0
ENST00000451663	3717	3541.98	0	0
ENST00000609325	2047	1871.98	0	0
ENST00000480456	4337	4161.98	6.98366e-08	1.39827e-05
ENST00000432621	1084	908.978	1	916.754
ENST00000441009	2719	2543.98	1	327.562
ENST00000484377	695	519.978	0	0
ENST00000454365	563	387.978	0	0
ENST00000581640	472	296.978	0	0
ENST00000483326	1753	1577.98	2.59377	1369.74
ENST00000442212	177	34.0072	0	0
ENST00000517452	405	232.083	0	0
ENST00000463631	583	407.978	0	0
ENST00000492414	4913	4737.98	0	0
ENST00000488368	1013	837.978	0	0
ENST00000463771	552	376.978	0	0
ENST00000431297	1995	1819.98	0	0
ENST00000616030	714	538.978	0	0
ENST00000608665	388	215.083	0	0
ENST00000489201	544	368.978	0	0
ENST00000491927	938	762.978	0	0
ENST00000467692	453	277.978	0	0
ENST00000441095	6721	6545.98	16.1097	2050.78
ENST00000580304	77	18	0	0
ENST00000465143	614	438.978	0	0
ENST00000485649	1896	1720.98	0	0
ENST00000460679	1025	849.978	0	0
ENST00000440403	471	295.978	0	0
ENST00000616808	99	30.6154	0	0
ENST00000496485	673	497.978	1.49775	2506.32
ENST00000607150	551	375.978	0	0
ENST00000498040	888	712.978	0	0
ENST00000613691	219	61.7259	0	0
ENST00000458479	2945	2769.98	0	0
ENST00000616483	92	28.5455	0	0
ENST00000445049	473	297.978	0	0
ENST00000431234	968	792.978	4	4203.44
ENST00000450351	853	677.978	0	0
ENST00000490479	761	585.978	0	0
ENST00000452028	443	267.978	0	0
ENST00000472398	2305	2129.98	1	391.229
ENST00000478613	716	540.978	0	0
ENST00000484465	388	215.083	0.351635	1362.36
ENST00000466285	500	324.978	0	0
ENST00000478035	620	444.978	1	1872.7
ENST00000459833	687	511.978	0	0
ENST00000444889	1784	1608.98	0	0
ENST00000445464	348	175.987	0	0
ENST00000611195	159	29.1209	0	0
ENST00000613245	3959	3783.98	0	0
ENST00000466122	2235	2059.98	2.46419	996.823
ENST00000604687	547	371.978	1	2240.21
ENST00000581669	55	18.6667	0	0
ENST00000426783	690	514.978	0	0
ENST00000454115	389	216.083	1.60706	6197.54
ENST00000597894	557	381.978	0	0
ENST00000462262	1073	897.978	0	0
ENST00000602892	621	445.978	0	0
ENST00000459939	775	599.978	1	1388.9
ENST00000610482	90	26.5455	0	0
ENST00000516163	102	33.6154	0	0
ENST00000523663	680	504.978	0	0
ENST00000439088	2135	1959.98	0	0
ENST00000454482	1644	1468.98	0	0
ENST00000470450	1872	1696.98	0	0
ENST00000453626	2332	2156.98	1.90113e-07	7.34466e-05
ENST00000613667	827	651.978	0	0
ENST00000466328	595	419.978	0	0
ENST00000429827	1935	1759.98	0	0
ENST00000470682	364	191.987	0	0
ENST00000436359	280	113.941	0	0
ENST00000428410	437	261.978	0	0
ENST00000467112	3019	2843.98	0	0
ENST00000465356	767	591.978	2.68065	3773.46
ENST00000478709	727	551.978	0	0
ENST00000498355	1936	1760.98	0	0
ENST00000434281	523	347.978	0	0
ENST00000479964	506	330.978	0	0
ENST00000465326	939	763.978	0	0
ENST00000516390	95	29	0	0
ENST00000444966	390	217.083	0	0
ENST00000615847	1595	1419.98	0	0
ENST00000609664	1578	1402.98	0	0
ENST00000429093	684	508.978	1	1637.22
ENST00000451543	413	239.056	0	0
ENST00000463807	933	757.978	1	1099.38
ENST00000429114	611	435.978	0	0
ENST00000614971	7756	7580.98	0.0135362	1.48791
ENST00000516042	105	34.1429	0	0
ENST00000447980	726	550.978	2	3024.84
ENST00000455253	1724	1548.98	0	0
ENST00000486367	583	407.978	0	0
ENST00000441283	448	272.978	0	0
ENST00000495007	1215	1039.98	0	0
ENST00000484174	623	447.978	0	0
ENST00000455097	364	191.987	0	0
ENST00000453032	1595	1419.98	0	0
ENST00000429327	192	39.4022	0	0
ENST00000431628	760	584.978	0	0
ENST00000429340	781	605.978	0	0
ENST00000594149	690	514.978	0	0
ENST00000614260	289	122.941	0	0
ENST00000432278	1033	857.978	0	0
ENST00000478282	3344	3168.98	4.16914	1096.31
ENST00000475838	658	482.978	0	0
ENST00000448463	780	604.978	1	1377.42
ENST00000614538	403	230.083	0	0
ENST00000447175	1117	941.978	0	0
ENST00000486098	773	597.978	0	0
ENST00000479548	964	788.978	0	0
ENST00000430068	438	262.978	0	0
ENST00000602654	729	553.978	0	0
ENST00000486275	892	716.978	0	0
ENST00000440372	784	608.978	0	0
ENST00000613967	103	34.6154	0	0
ENST00000433840	1052	876.978	0	0
ENST00000482508	1478	1302.98	1	639.542
ENST00000448340	780	604.978	0	0
ENST00000491183	527	351.978	0	0
ENST00000549948	934	758.978	2	2195.87
ENST00000438837	342	171.511	0	0
ENST00000608391	879	703.978	0	0
ENST00000490358	1155	979.978	0	0
ENST00000492962	946	770.978	0	0
ENST00000449622	1401	1225.98	0	0
ENST00000461088	649	473.978	0	0
ENST00000489821	1159	983.978	0	0
ENST00000468349	1018	842.978	1	988.53
ENST00000603064	1028	852.978	0	0
ENST00000474355	402	229.083	1	3637.6
ENST00000433383	879	703.978	0	0
ENST00000452550	865	689.978	0	0
ENST00000445668	1593	1417.98	0	0
ENST00000611656	60	23.6667	0	0
ENST00000436429	824	648.978	0	0
ENST00000432378	1618	1442.98	0	0
ENST00000516797	99	30.6154	0	0
ENST00000492514	318	148.889	0	0
ENST00000433427	502	326.978	1	2548.52
ENST00000470533	798	622.978	0	0
ENST00000528477	580	404.978	0.122609	252.289
ENST00000435600	1000	824.978	0	0
ENST00000451052	2186	2010.98	0	0
ENST00000608783	456	280.978	0	0
ENST00000467573	473	297.978	0	0
ENST00000428576	673	497.978	0	0
ENST00000454157	1152	976.978	0	0
ENST00000458223	676	500.978	0	0
ENST00000427445	2036	1860.98	0	0
ENST00000432988	4651	4475.98	8.39617	1563.15
ENST00000444335	253	91.0474	0	0
ENST00000498121	990	814.978	0	0
ENST00000488526	672	496.978	0.999995	1676.74
ENST00000485207	504	328.978	2	5066.05
ENST00000455939	514	338.978	0	0
ENST00000456084	583	407.978	0	0
ENST00000609934	520	344.978	3	7246.63
ENST00000461889	563	387.978	0	0
ENST00000435608	489	313.978	0	0
ENST00000476653	598	422.978	0	0
ENST00000433378	382	209.083	0	0
ENST00000442192	920	744.978	0	0
ENST00000477633	466	290.978	0	0
ENST00000437262	977	801.978	1	1039.07
ENST00000480196	479	303.978	0	0
ENST00000578829	661	485.978	0	0
ENST00000475344	696	520.978	0.818457	1309.13
ENST00000432231	753	577.978	0	0
ENST00000493883	781	605.978	0	0
ENST00000581194	85	24.1	0	0
ENST00000599962	460	284.978	0	0
ENST00000516810	97	31	0	0
ENST00000485402	3626	3450.98	0	0
ENST00000446405	436	260.978	0	0
ENST00000433344	572	396.978	0	0
ENST00000429621	827	651.978	0	0
ENST00000472401	431	255.978	0	0
ENST00000451645	526	350.978	0	0
ENST00000445258	187	37.4788	0	0
ENST00000429064	442	266.978	0	0
ENST00000495343	1663	1487.98	0	0
ENST00000487951	701	525.978	0	0
ENST00000475170	2125	1949.98	0	0
ENST00000436769	919	743.978	0.621774	696.432
ENST00000464256	1692	1516.98	0	0
ENST00000432141	860	684.978	0	0
ENST00000449713	912	736.978	0	0
ENST00000599572	370	197.987	0	0
ENST00000472607	713	537.978	0	0
ENST00000442785	523	347.978	0	0
ENST00000444868	438	262.978	0	0
ENST00000610788	101	32.6154	0	0
ENST00000457359	2273	2097.98	1	397.196
ENST00000444517	1180	1004.98	0	0
ENST00000613488	4705	4529.98	0	0
ENST00000457709	450	274.978	0	0
ENST00000581787	76	21.8571	0	0
ENST00000440620	186	37.6188	0	0
ENST00000467403	1661	1485.98	0	0
ENST00000429427	967	791.978	0	0
ENST00000444491	827	651.978	0	0
ENST00000429588	893	717.978	1	1160.63
ENST00000481059	879	703.978	0	0
ENST00000559466	1312	1136.98	1	732.916
ENST00000436324	1045	869.978	0	0
ENST00000468874	724	548.978	1	1517.93
ENST00000470586	2283	2107.98	0	0
ENST00000439107	860	684.978	0	0
ENST00000428689	422	248.056	0	0
ENST00000457157	1048	872.978	0	0
ENST00000498799	400	227.083	0	0
ENST00000482733	701	525.978	1	1584.3
ENST00000455571	610	434.978	0	0
ENST00000470029	583	407.978	0	0
ENST00000471269	571	395.978	0	0
ENST00000467162	803	627.978	1	1326.97
ENST00000426935	629	453.978	0	0
ENST00000596385	876	700.978	0	0
ENST00000437126	514	338.978	0	0
ENST00000551422	413	239.056	0	0
ENST00000610664	897	721.978	0	0
ENST00000612746	1874	1698.98	0	0
ENST00000463216	842	666.978	2	2498.76
ENST00000484294	500	324.978	0	0
ENST00000480179	1725	1549.98	0	0
ENST00000467409	2747	2571.98	0	0
ENST00000433310	6103	5927.98	0	0
ENST00000428205	609	433.978	0	0
ENST00000446475	552	376.978	0	0
ENST00000494755	669	493.978	0	0
ENST00000608405	714	538.978	1	1546.09
ENST00000448288	804	628.978	0	0
ENST00000456489	485	309.978	0	0
ENST00000447016	4992	4816.98	2.51911	435.791
ENST00000546469	485	309.978	0	0
ENST00000478273	366	193.987	0	0
ENST00000469393	220	62.7259	0	0
ENST00000474735	427	251.978	0	0
ENST00000446924	4990	4814.98	0	0
ENST00000617062	560	384.978	0	0
ENST00000475534	588	412.978	0	0
ENST00000597626	612	436.978	0	0
ENST00000455813	454	278.978	0	0
ENST00000551788	867	691.978	0	0
ENST00000464778	578	402.978	1	2067.88
ENST00000617854	3955	3779.98	0	0
ENST00000435697	716	540.978	0	0
ENST00000481883	3119	2943.98	5.56579	1575.43
ENST00000468429	829	653.978	0	0
ENST00000465955	502	326.978	0	0
ENST00000487297	3358	3182.98	1.19841	313.746
ENST00000432230	5929	5753.98	3.13231	453.632
ENST00000460207	603	427.978	0	0
ENST00000549265	243	81.8278	0	0
ENST00000494296	514	338.978	0	0
ENST00000469240	458	282.978	0	0
ENST00000444901	2981	2805.98	1	296.977
ENST00000492742	2205	2029.98	0	0
ENST00000462274	1233	1057.98	0	0
ENST00000443785	2920	2744.98	0	0
ENST00000435702	2816	2640.98	0	0
ENST00000454800	1603	1427.98	0	0
ENST00000608809	636	460.978	0	0
ENST00000462467	1218	1042.98	0	0
ENST00000447985	1686	1510.98	2	1103.01
ENST00000448908	268	102.447	0	0
ENST00000429843	406	233.083	0	0
ENST00000427757	463	287.978	2	5787.31
ENST00000433312	1230	1054.98	0	0
ENST00000468506	752	576.978	2	2888.53
ENST00000456966	972	796.978	0.859014	898.174
ENST00000440288	585	409.978	0	0
ENST00000594370	700	524.978	0	0
ENST00000433931	4852	4676.98	0	0
ENST00000508999	371	198.987	0	0
ENST00000611026	2195	2019.98	0	0
ENST00000432907	5180	5004.98	0	0
ENST00000545369	966	790.978	4.15701	4379.48
ENST00000612326	993	817.978	0	0
ENST00000596365	682	506.978	0	0
ENST00000451820	336	165.511	0	0
ENST00000427464	281	114.941	0	0
ENST00000453802	577	401.978	0	0
ENST00000602659	5746	5570.98	2	299.161
ENST00000468643	1992	1816.98	0	0
ENST00000494498	840	664.978	0	0
ENST00000460883	655	479.978	0	0
ENST00000468788	680	504.978	0	0
ENST00000430013	828	652.978	0	0
ENST00000518033	572	396.978	0	0
ENST00000430922	2086	1910.98	0	0
ENST00000453553	611	435.978	0	0
ENST00000475422	798	622.978	0	0
ENST00000467026	2671	2495.98	0	0
ENST00000456507	480	304.978	0	0
ENST00000478105	3234	3058.98	2.1746	592.391
ENST00000431254	583	407.978	0	0
ENST00000481448	2816	2640.98	0	0
ENST00000480893	656	480.978	0	0
ENST00000436878	822	646.978	0	0
ENST00000451489	556	380.978	0	0
ENST00000548467	217	60.0357	0	0
ENST00000430060	760	584.978	0	0
ENST00000443620	482	306.978	0	0
ENST00000454499	1901	1725.98	0	0
ENST00000579137	87	26.1	0	0
ENST00000454245	672	496.978	0	0
ENST00000604662	539	363.978	0	0
ENST00000488577	447	271.978	0	0
ENST00000457956	511	335.978	0	0
ENST00000483178	824	648.978	0	0
ENST00000480359	452	276.978	0	0
ENST00000448579	681	505.978	0	0
ENST00000480612	772	596.978	1.01057	1410.63
ENST00000441940	535	359.978	0	0
ENST00000474835	3835	3659.98	0	0
ENST00000463099	3842	3666.98	0	0
ENST00000612331	135	34.5294	0	0
ENST00000481546	4340	4164.98	7.45465	1491.49
ENST00000567517	557	381.978	0	0
ENST00000492930	769	593.978	0	0
ENST00000471260	615	439.978	0	0
ENST00000490865	758	582.978	0	0
ENST00000430792	803	627.978	0.407586	540.855
ENST00000449478	704	528.978	0	0
ENST00000466639	2711	2535.98	0	0
ENST00000431829	976	800.978	0	0
ENST00000497493	5648	5472.98	6.83721	1041.03
ENST00000428240	213	56.6134	0	0
ENST00000476950	937	761.978	0	0
ENST00000489661	856	680.978	0	0
ENST00000467565	587	411.978	0	0
ENST00000610236	196	43.1722	0	0
ENST00000441030	819	643.978	0	0
ENST00000496615	492	316.978	0	0
ENST00000491794	995	819.978	0	0
ENST00000456705	604	428.978	0	0
ENST00000517777	598	422.978	0	0
ENST00000437106	1211	1035.98	1	804.37
ENST00000492851	435	259.978	0	0
ENST00000614229	1439	1263.98	0	0
ENST00000486812	7072	6896.98	2.23007	269.442
ENST00000466472	365	192.987	0	0
ENST00000457905	3044	2868.98	0	0
ENST00000487427	805	629.978	0	0
ENST00000609461	460	284.978	0	0
ENST00000468924	912	736.978	0	0
ENST00000454182	252	90.0474	0	0
ENST00000477091	1061	885.978	0	0
ENST00000467315	1947	1771.98	0	0
ENST00000438952	3604	3428.98	7.54588	1833.8
ENST00000453910	559	383.978	0	0
ENST00000467908	7194	7018.98	1.14404	135.823
ENST00000584840	694	518.978	0	0
ENST00000518498	1109	933.978	0	0
ENST00000497909	773	597.978	0	0
ENST00000440086	1932	1756.98	0	0
ENST00000486002	876	700.978	0	0
ENST00000567670	2029	1853.98	0	0
ENST00000491564	522	346.978	0	0
ENST00000471468	581	405.978	0	0
ENST00000615324	461	285.978	0	0
ENST00000470742	474	298.978	0	0
ENST00000617417	272	106.447	0	0
ENST00000463138	217	60.0357	0	0
ENST00000565564	444	268.978	0	0
ENST00000617755	659	483.978	2	3443.58
ENST00000584048	83	22.1	0	0
ENST00000491703	2839	2663.98	5.04178	1577.1
ENST00000486719	1789	1613.98	0	0
ENST00000426609	291	124.941	0	0
ENST00000517154	244	82.4381	0	0
ENST00000436373	864	688.978	0	0
ENST00000430860	575	399.978	0	0
ENST00000616647	544	368.978	0	0
ENST00000455701	750	574.978	0	0
ENST00000548219	325	155.226	0	0
ENST00000451655	777	601.978	0	0
ENST00000435001	357	184.987	0	0
ENST00000449602	1000	824.978	0	0
ENST00000460783	2235	2059.98	1	404.524
ENST00000481411	950	774.978	0	0
ENST00000490450	424	250.056	0	0
ENST00000491559	1262	1086.98	0	0
ENST00000484047	1945	1769.98	2.08815	983.107
ENST00000474272	518	342.978	0	0
ENST00000451980	696	520.978	0	0
ENST00000516653	101	32.6154	0	0
ENST00000496395	288	121.941	0	0
ENST00000613045	730	554.978	0	0
ENST00000543733	1637	1461.98	1	569.988
ENST00000557820	537	361.978	0	0
ENST00000481319	616	440.978	1	1889.68
ENST00000497833	884	708.978	0	0
ENST00000431177	607	431.978	0	0
ENST00000427911	384	211.083	0	0
ENST00000470054	1891	1715.98	0	0
ENST00000436410	582	406.978	0.525598	1076.19
ENST00000460734	2523	2347.98	1	354.905
ENST00000432178	556	380.978	2	4374.58
ENST00000440966	1082	906.978	0.00237412	2.18128
ENST00000426534	1764	1588.98	0	0
ENST00000429521	752	576.978	0	0
ENST00000428242	164	31.5657	0	0
ENST00000430001	327	157.226	0	0
ENST00000584271	284	117.941	0	0
ENST00000427022	805	629.978	0	0
ENST00000426418	468	292.978	0	0
ENST00000446404	540	364.978	1	2283.18
ENST00000455354	1282	1106.98	0	0
ENST00000442660	1566	1390.98	0	0
ENST00000465574	832	656.978	0	0
ENST00000613499	3049	2873.98	0	0
ENST00000430401	432	256.978	0	0
ENST00000457208	765	589.978	0	0
ENST00000466861	753	577.978	0	0
ENST00000470864	547	371.978	0	0
ENST00000451686	501	325.978	0	0
ENST00000546482	1028	852.978	0	0
ENST00000493753	755	579.978	2	2873.59
ENST00000430259	2014	1838.98	4	1812.55
ENST00000481605	1540	1364.98	0	0
ENST00000438328	629	453.978	0	0
ENST00000481861	1301	1125.98	0	0
ENST00000616920	296	129.367	0	0
ENST00000445935	1931	1755.98	0	0
ENST00000475297	631	455.978	0	0
ENST00000450079	434	258.978	0	0
ENST00000453549	769	593.978	0	0
ENST00000468805	1721	1545.98	0	0
ENST00000457828	4390	4214.98	0.000332867	0.0658084
ENST00000475045	1582	1406.98	0	0
ENST00000498371	568	392.978	0	0
ENST00000429512	415	241.056	0	0
ENST00000617706	2563	2387.98	0	0
ENST00000440205	740	564.978	1	1474.94
ENST00000466746	842	666.978	0	0
ENST00000623647	815	639.978	0	0
ENST00000624758	1074	898.978	0	0
ENST00000630155	2341	2165.98	0	0
ENST00000625189	517	341.978	0	0
ENST00000624806	2456	2280.98	0	0
ENST00000619053	235	74.1971	1	11231
ENST00000625096	2247	2071.98	0	0
ENST00000624739	4715	4539.98	0.162398	29.8081
ENST00000624576	2257	2081.98	0	0
ENST00000645093	3219	3043.98	0	0
ENST00000625036	318	148.889	0	0
ENST00000625598	923	747.978	8.88889	9902.96
ENST00000623661	1021	845.978	0	0
ENST00000623892	1032	856.978	0	0
ENST00000621707	465	289.978	0	0
ENST00000630211	712	536.978	0	0
ENST00000618699	3154	2978.98	0	0
ENST00000620221	378	205.987	0	0
ENST00000623960	3274	3098.98	0	0
ENST00000623939	584	408.978	0	0
ENST00000630077	6898	6722.98	0	0
ENST00000623374	7632	7456.98	0.425705	47.5721
ENST00000622482	92	28.5455	0	0
ENST00000622854	646	470.978	0	0
ENST00000634708	1205	1029.98	0	0
ENST00000624019	601	425.978	0	0
ENST00000644384	2456	2280.98	0	0
ENST00000619488	2195	2019.98	0	0
ENST00000631186	560	384.978	0	0
ENST00000644276	471	295.978	0	0
ENST00000623047	5990	5814.98	0	0
ENST00000619252	549	373.978	0	0
ENST00000624852	397	224.083	0	0
ENST00000623225	897	721.978	0	0
ENST00000623390	452	276.978	0	0
ENST00000637157	84	23.1	0	0
ENST00000643624	2881	2705.98	0	0
ENST00000626237	4807	4631.98	0	0
ENST00000623377	741	565.978	0	0
ENST00000623962	2456	2280.98	0	0
ENST00000636923	3339	3163.98	0	0
ENST00000623587	307	139.197	0	0
ENST00000634644	1513	1337.98	0	0
ENST00000649170	1534	1358.98	0	0
ENST00000624164	2048	1872.98	0	0
ENST00000624077	471	295.978	0	0
ENST00000645774	1764	1588.98	0	0
ENST00000623188	479	303.978	0	0
ENST00000647779	1328	1152.98	0	0
ENST00000622961	812	636.978	2	2616.45
ENST00000624484	1023	847.978	0	0
ENST00000621909	859	683.978	0	0
ENST00000623575	579	403.978	0	0
ENST00000624821	759	583.978	0	0
ENST00000619874	843	667.978	0	0
ENST00000619471	153	29.5068	0	0
ENST00000623549	475	299.978	0	0
ENST00000626994	552	376.978	1	2210.5
ENST00000629969	923	747.978	3.33333	3713.61
ENST00000625098	102	33.6154	0	0
ENST00000623954	586	410.978	1	2027.62
ENST00000644367	796	620.978	0	0
ENST00000623738	665	489.978	0	0
ENST00000623165	710	534.978	0	0
ENST00000646523	2153	1977.98	0	0
ENST00000628776	827	651.978	0	0
ENST00000623950	406	233.083	0	0
ENST00000623768	87	26.1	0	0
ENST00000642815	500	324.978	1.61069	4130.12
ENST00000623236	227	66.5217	0	0
ENST00000623217	204	48.9524	0	0
ENST00000642309	1709	1533.98	0	0
ENST00000621162	721	545.978	0	0
ENST00000623313	596	420.978	0	0
ENST00000637940	2182	2006.98	1.11765	464.055
ENST00000623795	2238	2062.98	0	0
ENST00000647504	5591	5415.98	0	0
ENST00000622690	3149	2973.98	0	0
ENST00000623476	1599	1423.98	0	0
ENST00000618832	282	115.941	0	0
ENST00000623989	767	591.978	0	0
ENST00000619112	90	26.5455	0	0
ENST00000624901	743	567.978	0	0
ENST00000624120	898	722.978	0	0
ENST00000642623	1140	964.978	0	0
ENST00000637630	573	397.978	0	0
ENST00000624240	1404	1228.98	0	0
ENST00000644689	570	394.978	0	0
ENST00000623579	651	475.978	0	0
ENST00000634853	933	757.978	0	0
ENST00000624086	594	418.978	0	0
ENST00000622592	859	683.978	0	0
ENST00000623914	596	420.978	0	0
ENST00000637320	1678	1502.98	0	0
ENST00000620481	816	640.978	0	0
ENST00000624813	241	79.8278	0	0
ENST00000623119	5588	5412.98	0	0
ENST00000624520	1839	1663.98	0	0
ENST00000619537	1116	940.978	0	0
ENST00000623352	2191	2015.98	0	0
ENST00000624181	674	498.978	0	0
ENST00000623903	998	822.978	0	0
ENST00000623347	897	721.978	0	0
ENST00000639996	1019	843.978	0	0
ENST00000625005	987	811.978	0	0
ENST00000624263	1081	905.978	0	0
ENST00000647101	2744	2568.98	0	0
ENST00000648495	2093	1917.98	0	0
ENST00000636403	610	434.978	0	0
ENST00000623643	468	292.978	0	0
ENST00000623860	2498	2322.98	0	0
ENST00000621412	86	25.1	0	0
ENST00000620920	2257	2081.98	0	0
ENST00000624506	2456	2280.98	0	0
ENST00000624728	936	760.978	0	0
ENST00000650208	923	747.978	0	0
ENST00000622352	1244	1068.98	0	0
ENST00000624444	7628	7452.98	0.574295	64.2113
ENST00000619005	101	32.6154	0	0
ENST00000623506	757	581.978	0	0
ENST00000624595	879	703.978	0	0
ENST00000620580	779	603.978	0.592457	817.414
ENST00000624291	1693	1517.98	0	0
ENST00000623637	429	253.978	0	0
ENST00000624846	934	758.978	0	0
ENST00000635108	572	396.978	0	0
ENST00000629643	4583	4407.98	0	0
ENST00000624906	1185	1009.98	0	0
ENST00000619682	1980	1804.98	4.39239	2027.85
ENST00000623409	580	404.978	0	0
ENST00000623933	668	492.978	0	0
ENST00000644942	3137	2961.98	0	0
ENST00000623929	123	32.68	0	0
ENST00000624113	233	72.1971	0	0
ENST00000623098	1033	857.978	0	0
ENST00000623664	2498	2322.98	0	0
ENST00000623887	1974	1798.98	0	0
ENST00000643808	1117	941.978	0	0
ENST00000624310	624	448.978	0	0
ENST00000620442	1988	1812.98	0	0
ENST00000623794	845	669.978	0	0
ENST00000622911	572	396.978	0	0
ENST00000623744	3898	3722.98	3.09788	693.395
ENST00000623771	217	60.0357	0	0
ENST00000626421	99	30.6154	0	0
ENST00000646548	17562	17387	14.0668	674.181
ENST00000623797	558	382.978	0	0
ENST00000631211	923	747.978	8.88889	9902.96
ENST00000645185	10009	9833.98	0	0
ENST00000647425	2737	2561.98	0	0
ENST00000624261	936	760.978	0	0
ENST00000645813	3551	3375.98	3	740.505
ENST00000632537	712	536.978	0	0
ENST00000644251	1531	1355.98	3.12936	1923.13
ENST00000624627	1604	1428.98	0	0
ENST00000624312	549	373.978	0	0
ENST00000647108	4397	4221.98	0	0
ENST00000635001	513	337.978	0	0
ENST00000634453	871	695.978	0	0
ENST00000649822	1437	1261.98	0	0
ENST00000644288	2185	2009.98	0	0
ENST00000621201	1301	1125.98	0	0
ENST00000638500	1377	1201.98	0	0
ENST00000645424	1654	1478.98	0	0
ENST00000622934	1193	1017.98	0	0
ENST00000624165	905	729.978	0	0
ENST00000621601	3148	2972.98	0	0
ENST00000623983	476	300.978	0	0
ENST00000619610	813	637.978	0	0
ENST00000624406	2453	2277.98	0	0
ENST00000623678	1612	1436.98	0	0
ENST00000635225	1169	993.978	0	0
ENST00000637031	338	167.511	0	0
ENST00000622028	353	180.987	0	0
ENST00000646224	1735	1559.98	0	0
ENST00000634642	1047	871.978	0	0
ENST00000619222	3476	3300.98	1	252.443
ENST00000647188	2840	2664.98	0	0
ENST00000619242	903	727.978	0	0
ENST00000623638	885	709.978	0.668202	784.277
ENST00000624561	713	537.978	0	0
ENST00000624353	373	200.987	0.999743	4145.03
ENST00000624847	1468	1292.98	0	0
ENST00000624736	186	37.6188	0	0
ENST00000624080	822	646.978	0	0
ENST00000620065	963	787.978	0	0
ENST00000622915	544	368.978	0	0
ENST00000618423	90	26.5455	0	0
ENST00000623011	4564	4388.98	1.15256	218.831
ENST00000635845	1588	1412.98	0	0
ENST00000624405	217	60.0357	1	13880.2
ENST00000628906	625	449.978	0	0
ENST00000646351	4543	4367.98	1	190.777
ENST00000623753	388	215.083	0	0
ENST00000624041	768	592.978	0	0
ENST00000623190	1469	1293.98	0	0
ENST00000623408	392	219.083	0	0
ENST00000623554	1137	961.978	0	0
ENST00000635621	1401	1225.98	0	0
ENST00000642437	2790	2614.98	0	0
ENST00000624932	712	536.978	0	0
ENST00000630354	524	348.978	0	0
ENST00000624968	501	325.978	0	0
ENST00000646133	1455	1279.98	0	0
ENST00000643466	1267	1091.98	0	0
ENST00000621478	1967	1791.98	1.09094	507.313
ENST00000643854	1456	1280.98	1	650.526
ENST00000623809	818	642.978	0	0
ENST00000637963	498	322.978	1	2580.08
ENST00000624153	1185	1009.98	0	0
ENST00000624748	684	508.978	0	0
ENST00000623703	1392	1216.98	3	2054.21
ENST00000625278	740	564.978	0	0
ENST00000624971	1101	925.978	0	0
ENST00000623324	936	760.978	0	0
ENST00000636177	3982	3806.98	0	0
ENST00000626259	773	597.978	0	0
ENST00000624446	465	289.978	0	0
ENST00000624965	561	385.978	0	0
ENST00000627981	923	747.978	8.88889	9902.96
ENST00000647911	2255	2079.98	3.02422	1211.6
ENST00000638122	543	367.978	0	0
ENST00000625020	438	262.978	0	0
ENST00000623227	674	498.978	0	0
ENST00000623375	1675	1499.98	0.816335	453.513
ENST00000624691	2656	2480.98	0	0
ENST00000623723	457	281.978	0	0
ENST00000624951	1050	874.978	0	0
ENST00000620528	1640	1464.98	0	0
ENST00000628202	1364	1188.98	0	0
ENST00000624162	517	341.978	1	2436.73
ENST00000625014	519	343.978	0	0
ENST00000649100	3147	2971.98	0	0
ENST00000624883	564	388.978	0	0
ENST00000624648	696	520.978	1.52462	2438.64
ENST00000628044	129	32.7333	0	0
ENST00000647678	1437	1261.98	0	0
ENST00000623518	924	748.978	0	0
ENST00000619120	2028	1852.98	0	0
ENST00000630751	725	549.978	1	1515.17
ENST00000623182	509	333.978	0	0
ENST00000620163	449	273.978	2	6083.03
ENST00000624669	1894	1718.98	0	0
ENST00000624662	1495	1319.98	0	0
ENST00000643551	525	349.978	0.491405	1170.05
ENST00000624859	977	801.978	0	0
ENST00000624081	513	337.978	0	0
ENST00000622995	260	96.7103	0.683196	5886.8
ENST00000634021	539	363.978	0	0
ENST00000624921	774	598.978	0	0
ENST00000623297	3013	2837.98	0.145246	42.6484
ENST00000625115	888	712.978	0	0
ENST00000649499	2029	1853.98	0	0
ENST00000625079	743	567.978	0	0
ENST00000624368	1140	964.978	0	0
ENST00000637650	2132	1956.98	2	851.629
ENST00000623998	3634	3458.98	0	0
ENST00000631642	301	133.197	0	0
ENST00000636887	4160	3984.98	0.445759	93.2139
ENST00000618749	2492	2316.98	0	0
ENST00000624907	777	601.978	0	0
ENST00000624226	697	521.978	0	0
ENST00000624445	607	431.978	0	0
ENST00000624461	994	818.978	0	0
ENST00000619798	666	490.978	0	0
ENST00000623803	811	635.978	0	0
ENST00000621064	1669	1493.98	0	0
ENST00000626972	1862	1686.98	0	0
ENST00000635189	567	391.978	0	0
ENST00000623720	458	282.978	0	0
ENST00000624872	3241	3065.98	0	0
ENST00000624519	681	505.978	0	0
ENST00000634020	559	383.978	0	0
ENST00000619419	109	31.7059	0	0
ENST00000626933	695	519.978	1	1602.59
ENST00000633593	423	249.056	0	0
ENST00000633442	516	340.978	0	0
ENST00000635325	2095	1919.98	0	0
ENST00000622939	589	413.978	0	0
ENST00000624052	196	43.1722	0	0
ENST00000622113	2542	2366.98	0	0
ENST00000632732	1940	1764.98	0	0
ENST00000618024	2353	2177.98	0	0
ENST00000624937	553	377.978	0	0
ENST00000648253	1925	1749.98	0	0
ENST00000625185	785	609.978	0	0
ENST00000624791	572	396.978	0	0
ENST00000646150	3770	3594.98	0	0
ENST00000623559	676	500.978	1	1663.36
ENST00000624130	348	175.987	0	0
ENST00000624266	1031	855.978	0	0
ENST00000646873	2265	2089.98	4.37529	1744.5
ENST00000644750	529	353.978	0	0
ENST00000643355	1866	1690.98	1	492.797
ENST00000623095	2247	2071.98	0	0
ENST00000623484	392	219.083	0	0
ENST00000635684	1183	1007.98	0	0
ENST00000644871	249	87.0474	0	0
ENST00000623061	327	157.226	0	0
ENST00000624412	944	768.978	0	0
ENST00000623370	1942	1766.98	0	0
ENST00000623449	560	384.978	0	0
ENST00000624633	402	229.083	0	0
ENST00000635525	4123	3947.98	0	0
ENST00000623810	781	605.978	0	0
ENST00000634718	696	520.978	0	0
ENST00000621924	2380	2204.98	0	0
ENST00000645487	1185	1009.98	0	0
ENST00000623161	413	239.056	0	0
ENST00000624105	505	329.978	0	0
ENST00000649224	1292	1116.98	0	0
ENST00000625012	1485	1309.98	1	636.125
ENST00000622171	207	51.4346	0	0
ENST00000625184	593	417.978	0	0
ENST00000622292	70	19.1667	0	0
ENST00000637328	454	278.978	0	0
ENST00000623131	1990	1814.98	0	0
ENST00000626681	477	301.978	0	0
ENST00000623050	1602	1426.98	0	0
ENST00000623405	572	396.978	0	0
ENST00000623106	776	600.978	0	0
ENST00000619549	637	461.978	0	0
ENST00000623436	835	659.978	0	0
ENST00000624304	1863	1687.98	0.120578	59.526
ENST00000623919	1422	1246.98	0	0
ENST00000624516	679	503.978	0	0
ENST00000619030	128	32.8276	0	0
ENST00000627623	417	243.056	0.867687	2974.83
ENST00000634659	527	351.978	0	0
ENST00000623201	510	334.978	0	0
ENST00000624800	832	656.978	1	1268.4
ENST00000623928	207	51.4346	0	0
ENST00000620684	176	33.9925	0	0
ENST00000623783	1974	1798.98	0	0
ENST00000624714	807	631.978	0	0
ENST00000624934	1992	1816.98	0	0
ENST00000624808	676	500.978	0	0
ENST00000624810	411	237.056	0	0
ENST00000624534	573	397.978	0	0
ENST00000640406	2354	2178.98	0	0
ENST00000643357	1363	1187.98	0	0
ENST00000623896	1052	876.978	0	0
ENST00000620015	1435	1259.98	4.96706	3285.06
ENST00000623394	777	601.978	0	0
ENST00000622914	728	552.978	0.297359	448.105
ENST00000639959	1855	1679.98	0.00856679	4.24933
ENST00000636315	640	464.978	0	0
ENST00000625153	577	401.978	1.3168	2729.76
ENST00000624042	1029	853.978	0	0
ENST00000650376	1427	1251.98	0	0
