"a"	"b"	"c"	"d"
"ENST00000262354"	0	0	0	0
"ENST00000269844"	0	0	0	0
"ENST00000270112"	4.34396103693002	4.34396103693002	4.34396103693002	4.34396103693002
"ENST00000270139"	4.25767374446017	4.25767374446017	4.25767374446017	4.25767374446017
"ENST00000270142"	8.98592504796955	8.98592504796955	8.98592504796955	8.98592504796955
"ENST00000270162"	5	5	5	5
"ENST00000270172"	0	0	0	0
"ENST00000270190"	1	1	1	1
"ENST00000282964"	0	0	0	0
"ENST00000284878"	3	3	3	3
"ENST00000284881"	4.51980080568011	4.51980080568011	4.51980080568011	4.51980080568011
"ENST00000284885"	0	0	0	0
"ENST00000284894"	3	3	3	3
"ENST00000284971"	0	0	0	0
"ENST00000284984"	0	0	0	0
"ENST00000284987"	0	0	0	0
"ENST00000285667"	0	0	0	0
"ENST00000285670"	0	0	0	0
"ENST00000285679"	0	0	0	0
"ENST00000285681"	2.56663020657107	2.56663020657107	2.56663020657107	2.56663020657107
"ENST00000286777"	0	0	0	0
"ENST00000286788"	0	0	0	0
"ENST00000286791"	0	0	0	0
"ENST00000286800"	2.54734768407125	2.54734768407125	2.54734768407125	2.54734768407125
"ENST00000286808"	0	0	0	0
"ENST00000286827"	11.5542408083379	11.5542408083379	11.5542408083379	11.5542408083379
"ENST00000286835"	0.00043059935917228	0.00043059935917228	0.00043059935917228	0.00043059935917228
"ENST00000288319"	0	0	0	0
"ENST00000288344"	0	0	0	0
"ENST00000288350"	0	0	0	0
"ENST00000288383"	0	0	0	0
"ENST00000290130"	2	2	2	2
"ENST00000290155"	0	0	0	0
"ENST00000290178"	0	0	0	0
"ENST00000290200"	3	3	3	3
"ENST00000290219"	0	0	0	0
"ENST00000290239"	0	0	0	0
"ENST00000290244"	0	0	0	0
"ENST00000290299"	6.02321827461471	6.02321827461471	6.02321827461471	6.02321827461471
"ENST00000290310"	0	0	0	0
"ENST00000290349"	0	0	0	0
"ENST00000290354"	0	0	0	0
"ENST00000290399"	0	0	0	0
"ENST00000291525"	0	0	0	0
"ENST00000291526"	0	0	0	0
"ENST00000291527"	0	0	0	0
"ENST00000291532"	0	0	0	0
"ENST00000291535"	0	0	0	0
"ENST00000291536"	1	1	1	1
"ENST00000291539"	0	0	0	0
"ENST00000291547"	6.76657903719	6.76657903719	6.76657903719	6.76657903719
"ENST00000291552"	3.82535259662643	3.82535259662643	3.82535259662643	3.82535259662643
"ENST00000291554"	0	0	0	0
"ENST00000291560"	1.89448181129215	1.89448181129215	1.89448181129215	1.89448181129215
"ENST00000291565"	1.55448166249871e-06	1.55448166249871e-06	1.55448166249871e-06	1.55448166249871e-06
"ENST00000291568"	6.23283784792284	6.23283784792284	6.23283784792284	6.23283784792284
"ENST00000291572"	7.83062513885505	7.83062513885505	7.83062513885505	7.83062513885505
"ENST00000291574"	0	0	0	0
"ENST00000291576"	0.00980047505670028	0.00980047505670028	0.00980047505670028	0.00980047505670028
"ENST00000291577"	0	0	0	0
"ENST00000291582"	0	0	0	0
"ENST00000291592"	7	7	7	7
"ENST00000291634"	0	0	0	0
"ENST00000291670"	0	0	0	0
"ENST00000291672"	0	0	0	0
"ENST00000291688"	2.95658572203182	2.95658572203182	2.95658572203182	2.95658572203182
"ENST00000291691"	0	0	0	0
"ENST00000291700"	0	0	0	0
"ENST00000291705"	0	0	0	0
"ENST00000299295"	0	0	0	0
"ENST00000299340"	0	0	0	0
"ENST00000299443"	0	0	0	0
"ENST00000300255"	0	0	0	0
"ENST00000300258"	0	0	0	0
"ENST00000300260"	0	0	0	0
"ENST00000300278"	0	0	0	0
"ENST00000300305"	0	0	0	0
"ENST00000300481"	0	0	0	0
"ENST00000300482"	0	0	0	0
"ENST00000300527"	1.67053505102455	1.67053505102455	1.67053505102455	1.67053505102455
"ENST00000302347"	0	0	0	0
"ENST00000303071"	0	0	0	0
"ENST00000303113"	1	1	1	1
"ENST00000303645"	0	0	0	0
"ENST00000303775"	0.00037541603114267	0.00037541603114267	0.00037541603114267	0.00037541603114267
"ENST00000307301"	0	0	0	0
"ENST00000309117"	0	0	0	0
"ENST00000309331"	0	0	0	0
"ENST00000310645"	0	0	0	0
"ENST00000310826"	3	3	3	3
"ENST00000311003"	1	1	1	1
"ENST00000311124"	7.87739063383814	7.87739063383814	7.87739063383814	7.87739063383814
"ENST00000312957"	2.59449167879718	2.59449167879718	2.59449167879718	2.59449167879718
"ENST00000313806"	0	0	0	0
"ENST00000314103"	6.38549585412791	6.38549585412791	6.38549585412791	6.38549585412791
"ENST00000314399"	0	0	0	0
"ENST00000318948"	3.96064550448554	3.96064550448554	3.96064550448554	3.96064550448554
"ENST00000319294"	2.99659746261147	2.99659746261147	2.99659746261147	2.99659746261147
"ENST00000320216"	0	0	0	0
"ENST00000320371"	0	0	0	0
"ENST00000323084"	0	0	0	0
"ENST00000324988"	0	0	0	0
"ENST00000325223"	1	1	1	1
"ENST00000327505"	3.11934282152604e-08	3.11934282152604e-08	3.11934282152604e-08	3.11934282152604e-08
"ENST00000327574"	3.90905592252575	3.90905592252575	3.90905592252575	3.90905592252575
"ENST00000327783"	0	0	0	0
"ENST00000328264"	0	0	0	0
"ENST00000328344"	0	0	0	0
"ENST00000328619"	0	0	0	0
"ENST00000328656"	3.38714104129978	3.38714104129978	3.38714104129978	3.38714104129978
"ENST00000328735"	0	0	0	0
"ENST00000328862"	0	0	0	0
"ENST00000329015"	0	0	0	0
"ENST00000329122"	0	0	0	0
"ENST00000329319"	0	0	0	0
"ENST00000329553"	0	0	0	0
"ENST00000329618"	0	0	0	0
"ENST00000329621"	0	0	0	0
"ENST00000329623"	1.85243319516415	1.85243319516415	1.85243319516415	1.85243319516415
"ENST00000329667"	0	0	0	0
"ENST00000330205"	1	1	1	1
"ENST00000330317"	0	0	0	0
"ENST00000330333"	1.48136516751285	1.48136516751285	1.48136516751285	1.48136516751285
"ENST00000330490"	0	0	0	0
"ENST00000330551"	1	1	1	1
"ENST00000330714"	3.34194665099138	3.34194665099138	3.34194665099138	3.34194665099138
"ENST00000330798"	0	0	0	0
"ENST00000330938"	2.12253087445182	2.12253087445182	2.12253087445182	2.12253087445182
"ENST00000330942"	4.06721003830568	4.06721003830568	4.06721003830568	4.06721003830568
"ENST00000331343"	0	0	0	0
"ENST00000331573"	0	0	0	0
"ENST00000331923"	0	0	0	0
"ENST00000332131"	0	0	0	0
"ENST00000332149"	0	0	0	0
"ENST00000332378"	0	0	0	0
"ENST00000332440"	0	0	0	0
"ENST00000332473"	0	0	0	0
"ENST00000332512"	3.9999999715639	3.9999999715639	3.9999999715639	3.9999999715639
"ENST00000332587"	0	0	0	0
"ENST00000332859"	0	0	0	0
"ENST00000333229"	9.97520383913368	9.97520383913368	9.97520383913368	9.97520383913368
"ENST00000333337"	0	0	0	0
"ENST00000333634"	0	0	0	0
"ENST00000333781"	0	0	0	0
"ENST00000333892"	0	0	0	0
"ENST00000334046"	0	0	0	0
"ENST00000334055"	0	0	0	0
"ENST00000334058"	0	0	0	0
"ENST00000334063"	0	0	0	0
"ENST00000334067"	0	0	0	0
"ENST00000334068"	1	1	1	1
"ENST00000334151"	0	0	0	0
"ENST00000334160"	0	0	0	0
"ENST00000334165"	1	1	1	1
"ENST00000334352"	0	0	0	0
"ENST00000334494"	3	3	3	3
"ENST00000334538"	0	0	0	0
"ENST00000334662"	0	0	0	0
"ENST00000334664"	0	0	0	0
"ENST00000334670"	0	0	0	0
"ENST00000334680"	0	0	0	0
"ENST00000334849"	0	0	0	0
"ENST00000334897"	0	0	0	0
"ENST00000335093"	0	0	0	0
"ENST00000335440"	0	0	0	0
"ENST00000335512"	0	0	0	0
"ENST00000336648"	4.18974901763616	4.18974901763616	4.18974901763616	4.18974901763616
"ENST00000337385"	0	0	0	0
"ENST00000337909"	0	0	0	0
"ENST00000338326"	0	0	0	0
"ENST00000338785"	3.44183612208437	3.44183612208437	3.44183612208437	3.44183612208437
"ENST00000339024"	0	0	0	0
"ENST00000339195"	0.635934833902518	0.635934833902518	0.635934833902518	0.635934833902518
"ENST00000339659"	0	0	0	0
"ENST00000339775"	5.20402779347889e-06	5.20402779347889e-06	5.20402779347889e-06	5.20402779347889e-06
"ENST00000339818"	0	0	0	0
"ENST00000339944"	0	0	0	0
"ENST00000340344"	13.6771765738991	13.6771765738991	13.6771765738991	13.6771765738991
"ENST00000340345"	0	0	0	0
"ENST00000340648"	0	0	0	0
"ENST00000341322"	1	1	1	1
"ENST00000341618"	1.31453712697642	1.31453712697642	1.31453712697642	1.31453712697642
"ENST00000342101"	0	0	0	0
"ENST00000342108"	0	0	0	0
"ENST00000342136"	0	0	0	0
"ENST00000342220"	0	0	0	0
"ENST00000342449"	18.0247961608663	18.0247961608663	18.0247961608663	18.0247961608663
"ENST00000342757"	0.854753559354993	0.854753559354993	0.854753559354993	0.854753559354993
"ENST00000343118"	0	0	0	0
"ENST00000343528"	0	0	0	0
"ENST00000343687"	0	0	0	0
"ENST00000344330"	2.17577488228378	2.17577488228378	2.17577488228378	2.17577488228378
"ENST00000344577"	0	0	0	0
"ENST00000344691"	17	17	17	17
"ENST00000344693"	1	1	1	1
"ENST00000345496"	7.33915791889271	7.33915791889271	7.33915791889271	7.33915791889271
"ENST00000346798"	3.46524047186932	3.46524047186932	3.46524047186932	3.46524047186932
"ENST00000347667"	6.26178412039634	6.26178412039634	6.26178412039634	6.26178412039634
"ENST00000347800"	0	0	0	0
"ENST00000348354"	1.38483631501453	1.38483631501453	1.38483631501453	1.38483631501453
"ENST00000348499"	0	0	0	0
"ENST00000348831"	0	0	0	0
"ENST00000348990"	0	0	0	0
"ENST00000349048"	15.3985121349087	15.3985121349087	15.3985121349087	15.3985121349087
"ENST00000349112"	0	0	0	0
"ENST00000349485"	0	0	0	0
"ENST00000349499"	1.19949616848403	1.19949616848403	1.19949616848403	1.19949616848403
"ENST00000351097"	0.990359079474954	0.990359079474954	0.990359079474954	0.990359079474954
"ENST00000351429"	8.99962458396886	8.99962458396886	8.99962458396886	8.99962458396886
"ENST00000352133"	0	0	0	0
"ENST00000352178"	0	0	0	0
"ENST00000352483"	2.84360952869967e-08	2.84360952869967e-08	2.84360952869967e-08	2.84360952869967e-08
"ENST00000352957"	0	0	0	0
"ENST00000354192"	0	0	0	0
"ENST00000354250"	0	0	0	0
"ENST00000354333"	0	0	0	0
"ENST00000354749"	0.0115630753291521	0.0115630753291521	0.0115630753291521	0.0115630753291521
"ENST00000354828"	0	0	0	0
"ENST00000355153"	0	0	0	0
"ENST00000355189"	0	0	0	0
"ENST00000355459"	0	0	0	0
"ENST00000355480"	0	0	0	0
"ENST00000355666"	0	0	0	0
"ENST00000355680"	0	0	0	0
"ENST00000356275"	0	0	0	0
"ENST00000356396"	0	0	0	0
"ENST00000356577"	0	0	0	0
"ENST00000357345"	0	0	0	0
"ENST00000357401"	0	0	0	0
"ENST00000357704"	0	0	0	0
"ENST00000357903"	0	0	0	0
"ENST00000357985"	0	0	0	0
"ENST00000358268"	0	0	0	0
"ENST00000358356"	0	0	0	0
"ENST00000358455"	6	6	6	6
"ENST00000358918"	0	0	0	0
"ENST00000359341"	0	0	0	0
"ENST00000359568"	0.438995489233918	0.438995489233918	0.438995489233918	0.438995489233918
"ENST00000359624"	0	0	0	0
"ENST00000359726"	0	0	0	0
"ENST00000359759"	0	0	0	0
"ENST00000360214"	0	0	0	0
"ENST00000360525"	6.51517168925433	6.51517168925433	6.51517168925433	6.51517168925433
"ENST00000360542"	0	0	0	0
"ENST00000360697"	4	4	4	4
"ENST00000360731"	0.000317324814917173	0.000317324814917173	0.000317324814917173	0.000317324814917173
"ENST00000360770"	0	0	0	0
"ENST00000360938"	5.14098560955743	5.14098560955743	5.14098560955743	5.14098560955743
"ENST00000361093"	3.96116076160372	3.96116076160372	3.96116076160372	3.96116076160372
"ENST00000361371"	2.58108750110876	2.58108750110876	2.58108750110876	2.58108750110876
"ENST00000361534"	5.13099778366243	5.13099778366243	5.13099778366243	5.13099778366243
"ENST00000361802"	0	0	0	0
"ENST00000361866"	2.16115874908291	2.16115874908291	2.16115874908291	2.16115874908291
"ENST00000362077"	0	0	0	0
"ENST00000362160"	0	0	0	0
"ENST00000362728"	0	0	0	0
"ENST00000362828"	0	0	0	0
"ENST00000362936"	0	0	0	0
"ENST00000363092"	0	0	0	0
"ENST00000363343"	0	0	0	0
"ENST00000363884"	0	0	0	0
"ENST00000363922"	0	0	0	0
"ENST00000364155"	0	0	0	0
"ENST00000364942"	0	0	0	0
"ENST00000365114"	0	0	0	0
"ENST00000365369"	0	0	0	0
"ENST00000365469"	0	0	0	0
"ENST00000366093"	1	1	1	1
"ENST00000366423"	0	0	0	0
"ENST00000367071"	0	0	0	0
"ENST00000379571"	0	0	0	0
"ENST00000379960"	0.592397083505077	0.592397083505077	0.592397083505077	0.592397083505077
"ENST00000380008"	0	0	0	0
"ENST00000380010"	0	0	0	0
"ENST00000380095"	0	0	0	0
"ENST00000380221"	1	1	1	1
"ENST00000380276"	0	0	0	0
"ENST00000380328"	0	0	0	0
"ENST00000380486"	0	0	0	0
"ENST00000380588"	0	0	0	0
"ENST00000380604"	0	0	0	0
"ENST00000380612"	0	0	0	0
"ENST00000380618"	0	0	0	0
"ENST00000380620"	0	0	0	0
"ENST00000380631"	0	0	0	0
"ENST00000380634"	1	1	1	1
"ENST00000380637"	0	0	0	0
"ENST00000380671"	0	0	0	0
"ENST00000380708"	0	0	0	0
"ENST00000380713"	0	0	0	0
"ENST00000380747"	0	0	0	0
"ENST00000380748"	0	0	0	0
"ENST00000380749"	0	0	0	0
"ENST00000380800"	0	0	0	0
"ENST00000380900"	3	3	3	3
"ENST00000380931"	0	0	0	0
"ENST00000381132"	0	0	0	0
"ENST00000381135"	0	0	0	0
"ENST00000381151"	14.4234975186621	14.4234975186621	14.4234975186621	14.4234975186621
"ENST00000381181"	1.4075428126018	1.4075428126018	1.4075428126018	1.4075428126018
"ENST00000381283"	0	0	0	0
"ENST00000381284"	0	0	0	0
"ENST00000381285"	0	0	0	0
"ENST00000381291"	0	0	0	0
"ENST00000381318"	2.40760289544772	2.40760289544772	2.40760289544772	2.40760289544772
"ENST00000381540"	0	0	0	0
"ENST00000381554"	0	0	0	0
"ENST00000381679"	4	4	4	4
"ENST00000381692"	0	0	0	0
"ENST00000381815"	0	0	0	0
"ENST00000381831"	0	0	0	0
"ENST00000381839"	0	0	0	0
"ENST00000381947"	0	0	0	0
"ENST00000381995"	0	0	0	0
"ENST00000382238"	0	0	0	0
"ENST00000382264"	0	0	0	0
"ENST00000382348"	0	0	0	0
"ENST00000382357"	0	0	0	0
"ENST00000382373"	0	0	0	0
"ENST00000382375"	4.10808688926632	4.10808688926632	4.10808688926632	4.10808688926632
"ENST00000382377"	0.661922399754366	0.661922399754366	0.661922399754366	0.661922399754366
"ENST00000382378"	0.229990710979312	0.229990710979312	0.229990710979312	0.229990710979312
"ENST00000382491"	0	0	0	0
"ENST00000382499"	0	0	0	0
"ENST00000382549"	3.26267690197896	3.26267690197896	3.26267690197896	3.26267690197896
"ENST00000382699"	0	0	0	0
"ENST00000382751"	10	10	10	10
"ENST00000382822"	0	0	0	0
"ENST00000382826"	0	0	0	0
"ENST00000382828"	0	0	0	0
"ENST00000382830"	0	0	0	0
"ENST00000382835"	0	0	0	0
"ENST00000384075"	0	0	0	0
"ENST00000384369"	0	0	0	0
"ENST00000384370"	0	0	0	0
"ENST00000384418"	0	0	0	0
"ENST00000384685"	0	0	0	0
"ENST00000384745"	0	0	0	0
"ENST00000384772"	0	0	0	0
"ENST00000384906"	0	0	0	0
"ENST00000385060"	0	0	0	0
"ENST00000385128"	0	0	0	0
"ENST00000389124"	4	4	4	4
"ENST00000389125"	0	0	0	0
"ENST00000389194"	0.0226654247259353	0.0226654247259353	0.0226654247259353	0.0226654247259353
"ENST00000389195"	1.9704824100799	1.9704824100799	1.9704824100799	1.9704824100799
"ENST00000389690"	0	0	0	0
"ENST00000389861"	0	0	0	0
"ENST00000389863"	0	0	0	0
"ENST00000389995"	0	0	0	0
"ENST00000390235"	0	0	0	0
"ENST00000390689"	0	0	0	0
"ENST00000390690"	0	0	0	0
"ENST00000390834"	0	0	0	0
"ENST00000391177"	0	0	0	0
"ENST00000391262"	0	0	0	0
"ENST00000391307"	0	0	0	0
"ENST00000391617"	0	0	0	0
"ENST00000391618"	0	0	0	0
"ENST00000391620"	0	0	0	0
"ENST00000391621"	0	0	0	0
"ENST00000391624"	0	0	0	0
"ENST00000393804"	2	2	2	2
"ENST00000397184"	0	0	0	0
"ENST00000397628"	0	0	0	0
"ENST00000397637"	0	0	0	0
"ENST00000397638"	0	0	0	0
"ENST00000397648"	0	0	0	0
"ENST00000397679"	2.34732513827496	2.34732513827496	2.34732513827496	2.34732513827496
"ENST00000397680"	0	0	0	0
"ENST00000397682"	0	0	0	0
"ENST00000397683"	0	0	0	0
"ENST00000397691"	0	0	0	0
"ENST00000397692"	1.77054206032314	1.77054206032314	1.77054206032314	1.77054206032314
"ENST00000397694"	0	0	0	0
"ENST00000397701"	0	0	0	0
"ENST00000397708"	7.90214684254837e-06	7.90214684254837e-06	7.90214684254837e-06	7.90214684254837e-06
"ENST00000397728"	7.89192945133566	7.89192945133566	7.89192945133566	7.89192945133566
"ENST00000397743"	0	0	0	0
"ENST00000397746"	0	0	0	0
"ENST00000397748"	0	0	0	0
"ENST00000397763"	0	0	0	0
"ENST00000397787"	0	0	0	0
"ENST00000397826"	0	0	0	0
"ENST00000397841"	3	3	3	3
"ENST00000397846"	1	1	1	1
"ENST00000397850"	0	0	0	0
"ENST00000397852"	11.3670488965662	11.3670488965662	11.3670488965662	11.3670488965662
"ENST00000397854"	0	0	0	0
"ENST00000397857"	0.000953948404080642	0.000953948404080642	0.000953948404080642	0.000953948404080642
"ENST00000397886"	4.48353670843047	4.48353670843047	4.48353670843047	4.48353670843047
"ENST00000397887"	0.393932417117709	0.393932417117709	0.393932417117709	0.393932417117709
"ENST00000397893"	1.62743877593546	1.62743877593546	1.62743877593546	1.62743877593546
"ENST00000397898"	0	0	0	0
"ENST00000397907"	0	0	0	0
"ENST00000397911"	0	0	0	0
"ENST00000397916"	0	0	0	0
"ENST00000397928"	0	0	0	0
"ENST00000397932"	3.16120023725962	3.16120023725962	3.16120023725962	3.16120023725962
"ENST00000397956"	0	0	0	0
"ENST00000397961"	0	0	0	0
"ENST00000397994"	0	0	0	0
"ENST00000398058"	4.89945545020574	4.89945545020574	4.89945545020574	4.89945545020574
"ENST00000398061"	1.1709426003236e-08	1.1709426003236e-08	1.1709426003236e-08	1.1709426003236e-08
"ENST00000398063"	0	0	0	0
"ENST00000398078"	0.00215193996476515	0.00215193996476515	0.00215193996476515	0.00215193996476515
"ENST00000398081"	0	0	0	0
"ENST00000398085"	0	0	0	0
"ENST00000398098"	0	0	0	0
"ENST00000398116"	0	0	0	0
"ENST00000398132"	0	0	0	0
"ENST00000398133"	0	0	0	0
"ENST00000398137"	0	0	0	0
"ENST00000398158"	0	0	0	0
"ENST00000398165"	0	0	0	0
"ENST00000398168"	0	0	0	0
"ENST00000398208"	0	0	0	0
"ENST00000398224"	0	0	0	0
"ENST00000398225"	0	0	0	0
"ENST00000398227"	0	0	0	0
"ENST00000398229"	0	0	0	0
"ENST00000398232"	0	0	0	0
"ENST00000398234"	0	0	0	0
"ENST00000398236"	0	0	0	0
"ENST00000398341"	1.14063009857226	1.14063009857226	1.14063009857226	1.14063009857226
"ENST00000398343"	0	0	0	0
"ENST00000398352"	0	0	0	0
"ENST00000398367"	0.0034025373885307	0.0034025373885307	0.0034025373885307	0.0034025373885307
"ENST00000398397"	0	0	0	0
"ENST00000398405"	0	0	0	0
"ENST00000398431"	0	0	0	0
"ENST00000398437"	0	0	0	0
"ENST00000398449"	0	0	0	0
"ENST00000398457"	0	0	0	0
"ENST00000398497"	1	1	1	1
"ENST00000398499"	0	0	0	0
"ENST00000398505"	0	0	0	0
"ENST00000398511"	0	0	0	0
"ENST00000398548"	2.40305780644806	2.40305780644806	2.40305780644806	2.40305780644806
"ENST00000398585"	0	0	0	0
"ENST00000398598"	14.4427698510726	14.4427698510726	14.4427698510726	14.4427698510726
"ENST00000398600"	5.31453613969554	5.31453613969554	5.31453613969554	5.31453613969554
"ENST00000398632"	1.57616163396942	1.57616163396942	1.57616163396942	1.57616163396942
"ENST00000398646"	0	0	0	0
"ENST00000398647"	1	1	1	1
"ENST00000398652"	0	0	0	0
"ENST00000398714"	0	0	0	0
"ENST00000398753"	0	0	0	0
"ENST00000398897"	0	0	0	0
"ENST00000398905"	0	0	0	0
"ENST00000398907"	0	0	0	0
"ENST00000398910"	0	0	0	0
"ENST00000398911"	0	0	0	0
"ENST00000398919"	0	0	0	0
"ENST00000398925"	0	0	0	0
"ENST00000398927"	0	0	0	0
"ENST00000398928"	0	0	0	0
"ENST00000398930"	0	0	0	0
"ENST00000398932"	0	0	0	0
"ENST00000398934"	0	0	0	0
"ENST00000398938"	0	0	0	0
"ENST00000398948"	0	0	0	0
"ENST00000398956"	0	0	0	0
"ENST00000398960"	0	0	0	0
"ENST00000398998"	0	0	0	0
"ENST00000399000"	2.16354555490169	2.16354555490169	2.16354555490169	2.16354555490169
"ENST00000399001"	0	0	0	0
"ENST00000399010"	2.34293644612759	2.34293644612759	2.34293644612759	2.34293644612759
"ENST00000399017"	8.54821772134331	8.54821772134331	8.54821772134331	8.54821772134331
"ENST00000399098"	0	0	0	0
"ENST00000399102"	0	0	0	0
"ENST00000399103"	0	0	0	0
"ENST00000399120"	6.80625917912648	6.80625917912648	6.80625917912648	6.80625917912648
"ENST00000399135"	0	0	0	0
"ENST00000399136"	0	0	0	0
"ENST00000399137"	0	0	0	0
"ENST00000399139"	3	3	3	3
"ENST00000399149"	0	0	0	0
"ENST00000399151"	9.52350112119069	9.52350112119069	9.52350112119069	9.52350112119069
"ENST00000399191"	0	0	0	0
"ENST00000399201"	0	0	0	0
"ENST00000399205"	0	0	0	0
"ENST00000399207"	0	0	0	0
"ENST00000399208"	0	0	0	0
"ENST00000399212"	0	0	0	0
"ENST00000399215"	3.35937348777734	3.35937348777734	3.35937348777734	3.35937348777734
"ENST00000399237"	0	0	0	0
"ENST00000399240"	0	0	0	0
"ENST00000399272"	2	2	2	2
"ENST00000399284"	0	0	0	0
"ENST00000399286"	0	0	0	0
"ENST00000399289"	0	0	0	0
"ENST00000399292"	0	0	0	0
"ENST00000399295"	0	0	0	0
"ENST00000399299"	0	0	0	0
"ENST00000399312"	3.8381184378187	3.8381184378187	3.8381184378187	3.8381184378187
"ENST00000399338"	2.10472007946751e-08	2.10472007946751e-08	2.10472007946751e-08	2.10472007946751e-08
"ENST00000399349"	0	0	0	0
"ENST00000399352"	0	0	0	0
"ENST00000399353"	0	0	0	0
"ENST00000399355"	0	0	0	0
"ENST00000399358"	0	0	0	0
"ENST00000399367"	0	0	0	0
"ENST00000399442"	0	0	0	0
"ENST00000399784"	0	0	0	0
"ENST00000399804"	4.44413386628721	4.44413386628721	4.44413386628721	4.44413386628721
"ENST00000399889"	0	0	0	0
"ENST00000399899"	0	0	0	0
"ENST00000399907"	0	0	0	0
"ENST00000399909"	0	0	0	0
"ENST00000399913"	0	0	0	0
"ENST00000399914"	0	0	0	0
"ENST00000399921"	0.000108344520738108	0.000108344520738108	0.000108344520738108	0.000108344520738108
"ENST00000399925"	0	0	0	0
"ENST00000399926"	0	0	0	0
"ENST00000399928"	1	1	1	1
"ENST00000399934"	0	0	0	0
"ENST00000399935"	0	0	0	0
"ENST00000399947"	0	0	0	0
"ENST00000399973"	0	0	0	0
"ENST00000399975"	0	0	0	0
"ENST00000399976"	0	0	0	0
"ENST00000400014"	0	0	0	0
"ENST00000400043"	0	0	0	0
"ENST00000400075"	3	3	3	3
"ENST00000400087"	0	0	0	0
"ENST00000400090"	0	0	0	0
"ENST00000400093"	0	0	0	0
"ENST00000400094"	1	1	1	1
"ENST00000400099"	1	1	1	1
"ENST00000400117"	0	0	0	0
"ENST00000400127"	0	0	0	0
"ENST00000400128"	0	0	0	0
"ENST00000400131"	0	0	0	0
"ENST00000400135"	0	0	0	0
"ENST00000400165"	0	0	0	0
"ENST00000400166"	0	0	0	0
"ENST00000400169"	0	0	0	0
"ENST00000400178"	0	0	0	0
"ENST00000400183"	2.97508362227261e-06	2.97508362227261e-06	2.97508362227261e-06	2.97508362227261e-06
"ENST00000400199"	2.51681165813301	2.51681165813301	2.51681165813301	2.51681165813301
"ENST00000400202"	0.000709798754456531	0.000709798754456531	0.000709798754456531	0.000709798754456531
"ENST00000400211"	0	0	0	0
"ENST00000400274"	0	0	0	0
"ENST00000400304"	0	0	0	0
"ENST00000400305"	0	0	0	0
"ENST00000400308"	0	0	0	0
"ENST00000400309"	0	0	0	0
"ENST00000400310"	0	0	0	0
"ENST00000400314"	0	0	0	0
"ENST00000400337"	3.94474764929457	3.94474764929457	3.94474764929457	3.94474764929457
"ENST00000400353"	0.844767653383383	0.844767653383383	0.844767653383383	0.844767653383383
"ENST00000400362"	13.3929381510206	13.3929381510206	13.3929381510206	13.3929381510206
"ENST00000400365"	0	0	0	0
"ENST00000400368"	0	0	0	0
"ENST00000400372"	0	0	0	0
"ENST00000400374"	0	0	0	0
"ENST00000400375"	0	0	0	0
"ENST00000400377"	0	0	0	0
"ENST00000400379"	0	0	0	0
"ENST00000400385"	1.63269783989511	1.63269783989511	1.63269783989511	1.63269783989511
"ENST00000400421"	0	0	0	0
"ENST00000400423"	0	0	0	0
"ENST00000400424"	0	0	0	0
"ENST00000400427"	0	0	0	0
"ENST00000400454"	0	0	0	0
"ENST00000400477"	0	0	0	0
"ENST00000400485"	2.27396301308407e-07	2.27396301308407e-07	2.27396301308407e-07	2.27396301308407e-07
"ENST00000400532"	2.40550825136625	2.40550825136625	2.40550825136625	2.40550825136625
"ENST00000400546"	0	0	0	0
"ENST00000400558"	0	0	0	0
"ENST00000400559"	0	0	0	0
"ENST00000400562"	0	0	0	0
"ENST00000400564"	1	1	1	1
"ENST00000400566"	0	0	0	0
"ENST00000400577"	0	0	0	0
"ENST00000400583"	0	0	0	0
"ENST00000400819"	0	0	0	0
"ENST00000401402"	0	0	0	0
"ENST00000402202"	4	4	4	4
"ENST00000404019"	0	0	0	0
"ENST00000404220"	0	0	0	0
"ENST00000405436"	6.30492387698383	6.30492387698383	6.30492387698383	6.30492387698383
"ENST00000405964"	1	1	1	1
"ENST00000406229"	0	0	0	0
"ENST00000406413"	0	0	0	0
"ENST00000406538"	0	0	0	0
"ENST00000406845"	0	0	0	0
"ENST00000407739"	0	0	0	0
"ENST00000407780"	6.82422511771622	6.82422511771622	6.82422511771622	6.82422511771622
"ENST00000408471"	0	0	0	0
"ENST00000408910"	2.56991844545856	2.56991844545856	2.56991844545856	2.56991844545856
"ENST00000408914"	1	1	1	1
"ENST00000408989"	0	0	0	0
"ENST00000409416"	0	0	0	0
"ENST00000409758"	1	1	1	1
"ENST00000410005"	0	0	0	0
"ENST00000410635"	0	0	0	0
"ENST00000410986"	0	0	0	0
"ENST00000411146"	0	0	0	0
"ENST00000411330"	0	0	0	0
"ENST00000411355"	0	0	0	0
"ENST00000411427"	1.26749576716082	1.26749576716082	1.26749576716082	1.26749576716082
"ENST00000411460"	0	0	0	0
"ENST00000411496"	0	0	0	0
"ENST00000411566"	0	0	0	0
"ENST00000411605"	0	0	0	0
"ENST00000411651"	0	0	0	0
"ENST00000411694"	0	0	0	0
"ENST00000411828"	0	0	0	0
"ENST00000411867"	0	0	0	0
"ENST00000411932"	0.521833038626996	0.521833038626996	0.521833038626996	0.521833038626996
"ENST00000411943"	0	0	0	0
"ENST00000411956"	2.71270250083434	2.71270250083434	2.71270250083434	2.71270250083434
"ENST00000411989"	0	0	0	0
"ENST00000411998"	3	3	3	3
"ENST00000412102"	0	0	0	0
"ENST00000412240"	0	0	0	0
"ENST00000412426"	0	0	0	0
"ENST00000412442"	0	0	0	0
"ENST00000412526"	0	0	0	0
"ENST00000412579"	0	0	0	0
"ENST00000412604"	0	0	0	0
"ENST00000412833"	0	0	0	0
"ENST00000412906"	0	0	0	0
"ENST00000412914"	0	0	0	0
"ENST00000412942"	0	0	0	0
"ENST00000413017"	2	2	2	2
"ENST00000413131"	0	0	0	0
"ENST00000413190"	0	0	0	0
"ENST00000413645"	0	0	0	0
"ENST00000413718"	0	0	0	0
"ENST00000413721"	0	0	0	0
"ENST00000413758"	0.707690824347155	0.707690824347155	0.707690824347155	0.707690824347155
"ENST00000413778"	0	0	0	0
"ENST00000413813"	1	1	1	1
"ENST00000413862"	1.19488597717872e-08	1.19488597717872e-08	1.19488597717872e-08	1.19488597717872e-08
"ENST00000413881"	0	0	0	0
"ENST00000413933"	0	0	0	0
"ENST00000414079"	0	0	0	0
"ENST00000414189"	0	0	0	0
"ENST00000414486"	0	0	0	0
"ENST00000414582"	0	0	0	0
"ENST00000414617"	0	0	0	0
"ENST00000414659"	0	0	0	0
"ENST00000414699"	0	0	0	0
"ENST00000414818"	0	0	0	0
"ENST00000414877"	0	0	0	0
"ENST00000415023"	0	0	0	0
"ENST00000415026"	0	0	0	0
"ENST00000415143"	0	0	0	0
"ENST00000415147"	0	0	0	0
"ENST00000415182"	1	1	1	1
"ENST00000415238"	0	0	0	0
"ENST00000415269"	1	1	1	1
"ENST00000415820"	0	0	0	0
"ENST00000415824"	0	0	0	0
"ENST00000415847"	0	0	0	0
"ENST00000415863"	0	0	0	0
"ENST00000415997"	0	0	0	0
"ENST00000416002"	0	0	0	0
"ENST00000416034"	1	1	1	1
"ENST00000416044"	0	0	0	0
"ENST00000416067"	2	2	2	2
"ENST00000416145"	0	0	0	0
"ENST00000416179"	0	0	0	0
"ENST00000416182"	0	0	0	0
"ENST00000416218"	0	0	0	0
"ENST00000416327"	0	0	0	0
"ENST00000416357"	0	0	0	0
"ENST00000416447"	0	0	0	0
"ENST00000416468"	0	0	0	0
"ENST00000416555"	0	0	0	0
"ENST00000416641"	0	0	0	0
"ENST00000416722"	0	0	0	0
"ENST00000416754"	0	0	0	0
"ENST00000416768"	0	0	0	0
"ENST00000416842"	0	0	0	0
"ENST00000417007"	0	0	0	0
"ENST00000417042"	0	0	0	0
"ENST00000417060"	0	0	0	0
"ENST00000417133"	0	0	0	0
"ENST00000417138"	0	0	0	0
"ENST00000417181"	0	0	0	0
"ENST00000417335"	0	0	0	0
"ENST00000417564"	0	0	0	0
"ENST00000417820"	1	1	1	1
"ENST00000417871"	0	0	0	0
"ENST00000417954"	0	0	0	0
"ENST00000417963"	0	0	0	0
"ENST00000417979"	0	0	0	0
"ENST00000418018"	0	0	0	0
"ENST00000418029"	0	0	0	0
"ENST00000418103"	0	0	0	0
"ENST00000418301"	0.454122469545303	0.454122469545303	0.454122469545303	0.454122469545303
"ENST00000418336"	0.60199436768335	0.60199436768335	0.60199436768335	0.60199436768335
"ENST00000418394"	0.762052204506253	0.762052204506253	0.762052204506253	0.762052204506253
"ENST00000418516"	0	0	0	0
"ENST00000418544"	0	0	0	0
"ENST00000418755"	0	0	0	0
"ENST00000418766"	0	0	0	0
"ENST00000418813"	0	0	0	0
"ENST00000418874"	0	0	0	0
"ENST00000418933"	0	0	0	0
"ENST00000418942"	0	0	0	0
"ENST00000418954"	0	0	0	0
"ENST00000419044"	0	0	0	0
"ENST00000419069"	0	0	0	0
"ENST00000419093"	0	0	0	0
"ENST00000419219"	0	0	0	0
"ENST00000419241"	0	0	0	0
"ENST00000419299"	0	0	0	0
"ENST00000419324"	0	0	0	0
"ENST00000419378"	0	0	0	0
"ENST00000419431"	0	0	0	0
"ENST00000419461"	0	0	0	0
"ENST00000419467"	0	0	0	0
"ENST00000419522"	0	0	0	0
"ENST00000419628"	1	1	1	1
"ENST00000419664"	0	0	0	0
"ENST00000419694"	2	2	2	2
"ENST00000419699"	1.15437623339307	1.15437623339307	1.15437623339307	1.15437623339307
"ENST00000419826"	0	0	0	0
"ENST00000419845"	0.280650739815262	0.280650739815262	0.280650739815262	0.280650739815262
"ENST00000419868"	0	0	0	0
"ENST00000419881"	0	0	0	0
"ENST00000419906"	1	1	1	1
"ENST00000419921"	0	0	0	0
"ENST00000419943"	0	0	0	0
"ENST00000419952"	0	0	0	0
"ENST00000420068"	0	0	0	0
"ENST00000420072"	0	0	0	0
"ENST00000420074"	2.33109103188076	2.33109103188076	2.33109103188076	2.33109103188076
"ENST00000420186"	0	0	0	0
"ENST00000420241"	1	1	1	1
"ENST00000420255"	0	0	0	0
"ENST00000420273"	0	0	0	0
"ENST00000420364"	0	0	0	0
"ENST00000420455"	0	0	0	0
"ENST00000420666"	0	0	0	0
"ENST00000420685"	0	0	0	0
"ENST00000420877"	1	1	1	1
"ENST00000420965"	0	0	0	0
"ENST00000421049"	0	0	0	0
"ENST00000421051"	0	0	0	0
"ENST00000421454"	0	0	0	0
"ENST00000421541"	1	1	1	1
"ENST00000421604"	0	0	0	0
"ENST00000421771"	0	0	0	0
"ENST00000421795"	0	0	0	0
"ENST00000421802"	0	0	0	0
"ENST00000421927"	0	0	0	0
"ENST00000422357"	0	0	0	0
"ENST00000422473"	0	0	0	0
"ENST00000422749"	0	0	0	0
"ENST00000422787"	0	0	0	0
"ENST00000422809"	0	0	0	0
"ENST00000422850"	0	0	0	0
"ENST00000422875"	3.31841501375724	3.31841501375724	3.31841501375724	3.31841501375724
"ENST00000422891"	0	0	0	0
"ENST00000422911"	0.014024370691365	0.014024370691365	0.014024370691365	0.014024370691365
"ENST00000423045"	1	1	1	1
"ENST00000423089"	0	0	0	0
"ENST00000423206"	0	0	0	0
"ENST00000423214"	0	0	0	0
"ENST00000423221"	0	0	0	0
"ENST00000423274"	0	0	0	0
"ENST00000423276"	0	0	0	0
"ENST00000423310"	0	0	0	0
"ENST00000423389"	0	0	0	0
"ENST00000423581"	0.07504178213296	0.07504178213296	0.07504178213296	0.07504178213296
"ENST00000423596"	0	0	0	0
"ENST00000423658"	0	0	0	0
"ENST00000423808"	0	0	0	0
"ENST00000423967"	3.76581699896969	3.76581699896969	3.76581699896969	3.76581699896969
"ENST00000424017"	0	0	0	0
"ENST00000424093"	0	0	0	0
"ENST00000424203"	0	0	0	0
"ENST00000424219"	0	0	0	0
"ENST00000424255"	0	0	0	0
"ENST00000424290"	0	0	0	0
"ENST00000424303"	0	0	0	0
"ENST00000424365"	0	0	0	0
"ENST00000424441"	0	0	0	0
"ENST00000424569"	0.410243920260863	0.410243920260863	0.410243920260863	0.410243920260863
"ENST00000424582"	0	0	0	0
"ENST00000424733"	0	0	0	0
"ENST00000424837"	0	0	0	0
"ENST00000424890"	3	3	3	3
"ENST00000424921"	1	1	1	1
"ENST00000424933"	1	1	1	1
"ENST00000425058"	0	0	0	0
"ENST00000425085"	0	0	0	0
"ENST00000425091"	0	0	0	0
"ENST00000425147"	5	5	5	5
"ENST00000425336"	2.18202652168351	2.18202652168351	2.18202652168351	2.18202652168351
"ENST00000425376"	0	0	0	0
"ENST00000425521"	0	0	0	0
"ENST00000425979"	0	0	0	0
"ENST00000426029"	0	0	0	0
"ENST00000426418"	0	0	0	0
"ENST00000426534"	0	0	0	0
"ENST00000426537"	1.03290918395923	1.03290918395923	1.03290918395923	1.03290918395923
"ENST00000426578"	0	0	0	0
"ENST00000426609"	0	0	0	0
"ENST00000426672"	0	0	0	0
"ENST00000426771"	0	0	0	0
"ENST00000426783"	0	0	0	0
"ENST00000426819"	0	0	0	0
"ENST00000426935"	0	0	0	0
"ENST00000426942"	0	0	0	0
"ENST00000426947"	0	0	0	0
"ENST00000427022"	0	0	0	0
"ENST00000427188"	0	0	0	0
"ENST00000427301"	0	0	0	0
"ENST00000427445"	0	0	0	0
"ENST00000427446"	0	0	0	0
"ENST00000427447"	5.39857217815229	5.39857217815229	5.39857217815229	5.39857217815229
"ENST00000427451"	0	0	0	0
"ENST00000427464"	0	0	0	0
"ENST00000427491"	0	0	0	0
"ENST00000427746"	0	0	0	0
"ENST00000427757"	2	2	2	2
"ENST00000427803"	0	0	0	0
"ENST00000427839"	0	0	0	0
"ENST00000427911"	0	0	0	0
"ENST00000428205"	0	0	0	0
"ENST00000428240"	0	0	0	0
"ENST00000428242"	0	0	0	0
"ENST00000428301"	0	0	0	0
"ENST00000428410"	0	0	0	0
"ENST00000428576"	0	0	0	0
"ENST00000428667"	0	0	0	0
"ENST00000428669"	0	0	0	0
"ENST00000428689"	0	0	0	0
"ENST00000428693"	1	1	1	1
"ENST00000428809"	0	0	0	0
"ENST00000428914"	1	1	1	1
"ENST00000429033"	0	0	0	0
"ENST00000429064"	0	0	0	0
"ENST00000429093"	1	1	1	1
"ENST00000429114"	0	0	0	0
"ENST00000429132"	0.65452162756076	0.65452162756076	0.65452162756076	0.65452162756076
"ENST00000429161"	0	0	0	0
"ENST00000429236"	2	2	2	2
"ENST00000429238"	0	0	0	0
"ENST00000429271"	3	3	3	3
"ENST00000429327"	0	0	0	0
"ENST00000429340"	0	0	0	0
"ENST00000429427"	0	0	0	0
"ENST00000429512"	0	0	0	0
"ENST00000429521"	0	0	0	0
"ENST00000429588"	1	1	1	1
"ENST00000429621"	0	0	0	0
"ENST00000429727"	0	0	0	0
"ENST00000429739"	0	0	0	0
"ENST00000429827"	0	0	0	0
"ENST00000429843"	0	0	0	0
"ENST00000429903"	0	0	0	0
"ENST00000430001"	0	0	0	0
"ENST00000430013"	0	0	0	0
"ENST00000430060"	0	0	0	0
"ENST00000430064"	0	0	0	0
"ENST00000430068"	0	0	0	0
"ENST00000430093"	0	0	0	0
"ENST00000430181"	0	0	0	0
"ENST00000430247"	0	0	0	0
"ENST00000430259"	4	4	4	4
"ENST00000430327"	0	0	0	0
"ENST00000430354"	0.812637683687065	0.812637683687065	0.812637683687065	0.812637683687065
"ENST00000430391"	1	1	1	1
"ENST00000430401"	0	0	0	0
"ENST00000430538"	0	0	0	0
"ENST00000430607"	0	0	0	0
"ENST00000430635"	0	0	0	0
"ENST00000430792"	0.407585942743358	0.407585942743358	0.407585942743358	0.407585942743358
"ENST00000430815"	0	0	0	0
"ENST00000430860"	0	0	0	0
"ENST00000430874"	0	0	0	0
"ENST00000430922"	0	0	0	0
"ENST00000431150"	1	1	1	1
"ENST00000431166"	0	0	0	0
"ENST00000431167"	0	0	0	0
"ENST00000431177"	0	0	0	0
"ENST00000431216"	0.552921932169469	0.552921932169469	0.552921932169469	0.552921932169469
"ENST00000431229"	0	0	0	0
"ENST00000431234"	4	4	4	4
"ENST00000431254"	0	0	0	0
"ENST00000431297"	0	0	0	0
"ENST00000431390"	0	0	0	0
"ENST00000431599"	0	0	0	0
"ENST00000431628"	0	0	0	0
"ENST00000431661"	0	0	0	0
"ENST00000431743"	0	0	0	0
"ENST00000431829"	0	0	0	0
"ENST00000431901"	0	0	0	0
"ENST00000432085"	0	0	0	0
"ENST00000432141"	0	0	0	0
"ENST00000432178"	2	2	2	2
"ENST00000432230"	3.13231339665381	3.13231339665381	3.13231339665381	3.13231339665381
"ENST00000432231"	0	0	0	0
"ENST00000432278"	0	0	0	0
"ENST00000432378"	0	0	0	0
"ENST00000432411"	2	2	2	2
"ENST00000432412"	0	0	0	0
"ENST00000432504"	0	0	0	0
"ENST00000432621"	1	1	1	1
"ENST00000432735"	0	0	0	0
"ENST00000432830"	0	0	0	0
"ENST00000432875"	0	0	0	0
"ENST00000432907"	0	0	0	0
"ENST00000432988"	8.39616774154857	8.39616774154857	8.39616774154857	8.39616774154857
"ENST00000433067"	0	0	0	0
"ENST00000433071"	0	0	0	0
"ENST00000433101"	0	0	0	0
"ENST00000433210"	0	0	0	0
"ENST00000433303"	0	0	0	0
"ENST00000433310"	0	0	0	0
"ENST00000433312"	0	0	0	0
"ENST00000433344"	0	0	0	0
"ENST00000433378"	0	0	0	0
"ENST00000433383"	0	0	0	0
"ENST00000433395"	0	0	0	0
"ENST00000433427"	1	1	1	1
"ENST00000433465"	0	0	0	0
"ENST00000433524"	0	0	0	0
"ENST00000433588"	0	0	0	0
"ENST00000433806"	0	0	0	0
"ENST00000433840"	0	0	0	0
"ENST00000433931"	0	0	0	0
"ENST00000433951"	1	1	1	1
"ENST00000433952"	0	0	0	0
"ENST00000433957"	0	0	0	0
"ENST00000434081"	0	0	0	0
"ENST00000434195"	0	0	0	0
"ENST00000434281"	0	0	0	0
"ENST00000434589"	0	0	0	0
"ENST00000434667"	0	0	0	0
"ENST00000434853"	0	0	0	0
"ENST00000434859"	2	2	2	2
"ENST00000435001"	0	0	0	0
"ENST00000435072"	0	0	0	0
"ENST00000435181"	0	0	0	0
"ENST00000435279"	0	0	0	0
"ENST00000435315"	0	0	0	0
"ENST00000435323"	0	0	0	0
"ENST00000435493"	0	0	0	0
"ENST00000435590"	0	0	0	0
"ENST00000435600"	0	0	0	0
"ENST00000435608"	0	0	0	0
"ENST00000435611"	0	0	0	0
"ENST00000435697"	0	0	0	0
"ENST00000435702"	0	0	0	0
"ENST00000435722"	0	0	0	0
"ENST00000435732"	0	0	0	0
"ENST00000435738"	0	0	0	0
"ENST00000435744"	0	0	0	0
"ENST00000435878"	0	0	0	0
"ENST00000436227"	0	0	0	0
"ENST00000436303"	0	0	0	0
"ENST00000436324"	0	0	0	0
"ENST00000436357"	0	0	0	0
"ENST00000436359"	0	0	0	0
"ENST00000436373"	0	0	0	0
"ENST00000436405"	0	0	0	0
"ENST00000436410"	0.525598016596037	0.525598016596037	0.525598016596037	0.525598016596037
"ENST00000436429"	0	0	0	0
"ENST00000436529"	0	0	0	0
"ENST00000436765"	0	0	0	0
"ENST00000436769"	0.6217741246283	0.6217741246283	0.6217741246283	0.6217741246283
"ENST00000436845"	0	0	0	0
"ENST00000436878"	0	0	0	0
"ENST00000437106"	1	1	1	1
"ENST00000437109"	0	0	0	0
"ENST00000437126"	0	0	0	0
"ENST00000437180"	0	0	0	0
"ENST00000437194"	0	0	0	0
"ENST00000437238"	0	0	0	0
"ENST00000437258"	0	0	0	0
"ENST00000437262"	1	1	1	1
"ENST00000437338"	0	0	0	0
"ENST00000437395"	0	0	0	0
"ENST00000437426"	0	0	0	0
"ENST00000437492"	1	1	1	1
"ENST00000437557"	3.23418300103031	3.23418300103031	3.23418300103031	3.23418300103031
"ENST00000437626"	0	0	0	0
"ENST00000437996"	0	0	0	0
"ENST00000438055"	0	0	0	0
"ENST00000438059"	0	0	0	0
"ENST00000438328"	0	0	0	0
"ENST00000438404"	0	0	0	0
"ENST00000438657"	0.795547377332703	0.795547377332703	0.795547377332703	0.795547377332703
"ENST00000438788"	0	0	0	0
"ENST00000438837"	0	0	0	0
"ENST00000438852"	0	0	0	0
"ENST00000438952"	7.5458775304547	7.5458775304547	7.5458775304547	7.5458775304547
"ENST00000439088"	0	0	0	0
"ENST00000439107"	0	0	0	0
"ENST00000439213"	2.5380703458901	2.5380703458901	2.5380703458901	2.5380703458901
"ENST00000439274"	2.53475952813068	2.53475952813068	2.53475952813068	2.53475952813068
"ENST00000439392"	0	0	0	0
"ENST00000439427"	0	0	0	0
"ENST00000439593"	1	1	1	1
"ENST00000439840"	0	0	0	0
"ENST00000439851"	0	0	0	0
"ENST00000440052"	4	4	4	4
"ENST00000440086"	0	0	0	0
"ENST00000440126"	0	0	0	0
"ENST00000440205"	1	1	1	1
"ENST00000440221"	0	0	0	0
"ENST00000440288"	0	0	0	0
"ENST00000440363"	0	0	0	0
"ENST00000440372"	0	0	0	0
"ENST00000440379"	0	0	0	0
"ENST00000440403"	0	0	0	0
"ENST00000440405"	0	0	0	0
"ENST00000440526"	2.86900221633757	2.86900221633757	2.86900221633757	2.86900221633757
"ENST00000440620"	0	0	0	0
"ENST00000440629"	0	0	0	0
"ENST00000440664"	0	0	0	0
"ENST00000440714"	0	0	0	0
"ENST00000440794"	0	0	0	0
"ENST00000440810"	0	0	0	0
"ENST00000440966"	0.0023741196633028	0.0023741196633028	0.0023741196633028	0.0023741196633028
"ENST00000441009"	1	1	1	1
"ENST00000441013"	0	0	0	0
"ENST00000441030"	0	0	0	0
"ENST00000441095"	16.1096845626402	16.1096845626402	16.1096845626402	16.1096845626402
"ENST00000441128"	0	0	0	0
"ENST00000441268"	0	0	0	0
"ENST00000441283"	0	0	0	0
"ENST00000441379"	4.34547837243924	4.34547837243924	4.34547837243924	4.34547837243924
"ENST00000441403"	0	0	0	0
"ENST00000441465"	0	0	0	0
"ENST00000441666"	0	0	0	0
"ENST00000441677"	2.39222633901344	2.39222633901344	2.39222633901344	2.39222633901344
"ENST00000441759"	0	0	0	0
"ENST00000441787"	0	0	0	0
"ENST00000441820"	0	0	0	0
"ENST00000441910"	0	0	0	0
"ENST00000441940"	0	0	0	0
"ENST00000441947"	0	0	0	0
"ENST00000442071"	0	0	0	0
"ENST00000442192"	0	0	0	0
"ENST00000442212"	0	0	0	0
"ENST00000442434"	1	1	1	1
"ENST00000442441"	0	0	0	0
"ENST00000442448"	0	0	0	0
"ENST00000442550"	0	0	0	0
"ENST00000442559"	0	0	0	0
"ENST00000442605"	1	1	1	1
"ENST00000442660"	0	0	0	0
"ENST00000442773"	0	0	0	0
"ENST00000442785"	0	0	0	0
"ENST00000442815"	3	3	3	3
"ENST00000443046"	0	0	0	0
"ENST00000443073"	0	0	0	0
"ENST00000443300"	1	1	1	1
"ENST00000443341"	0	0	0	0
"ENST00000443408"	0	0	0	0
"ENST00000443479"	0	0	0	0
"ENST00000443485"	0.105518188707845	0.105518188707845	0.105518188707845	0.105518188707845
"ENST00000443486"	0	0	0	0
"ENST00000443620"	0	0	0	0
"ENST00000443703"	0	0	0	0
"ENST00000443742"	0	0	0	0
"ENST00000443785"	0	0	0	0
"ENST00000444036"	0	0	0	0
"ENST00000444046"	0	0	0	0
"ENST00000444130"	1	1	1	1
"ENST00000444161"	0	0	0	0
"ENST00000444178"	0	0	0	0
"ENST00000444306"	0	0	0	0
"ENST00000444335"	0	0	0	0
"ENST00000444356"	0	0	0	0
"ENST00000444409"	0	0	0	0
"ENST00000444491"	0	0	0	0
"ENST00000444517"	0	0	0	0
"ENST00000444868"	0	0	0	0
"ENST00000444889"	0	0	0	0
"ENST00000444901"	1	1	1	1
"ENST00000444966"	0	0	0	0
"ENST00000444977"	0	0	0	0
"ENST00000444998"	2	2	2	2
"ENST00000445049"	0	0	0	0
"ENST00000445197"	0	0	0	0
"ENST00000445242"	0	0	0	0
"ENST00000445245"	0	0	0	0
"ENST00000445258"	0	0	0	0
"ENST00000445341"	0	0	0	0
"ENST00000445393"	0	0	0	0
"ENST00000445440"	0	0	0	0
"ENST00000445461"	0	0	0	0
"ENST00000445464"	0	0	0	0
"ENST00000445481"	0	0	0	0
"ENST00000445582"	1.59850304866193	1.59850304866193	1.59850304866193	1.59850304866193
"ENST00000445668"	0	0	0	0
"ENST00000445724"	0	0	0	0
"ENST00000445935"	0	0	0	0
"ENST00000446166"	0	0	0	0
"ENST00000446301"	0	0	0	0
"ENST00000446404"	1	1	1	1
"ENST00000446405"	0	0	0	0
"ENST00000446475"	0	0	0	0
"ENST00000446649"	0	0	0	0
"ENST00000446910"	0	0	0	0
"ENST00000446924"	0	0	0	0
"ENST00000447016"	2.51910786511206	2.51910786511206	2.51910786511206	2.51910786511206
"ENST00000447037"	0	0	0	0
"ENST00000447052"	0	0	0	0
"ENST00000447125"	2	2	2	2
"ENST00000447175"	0	0	0	0
"ENST00000447177"	0.732929672428949	0.732929672428949	0.732929672428949	0.732929672428949
"ENST00000447207"	0	0	0	0
"ENST00000447384"	0	0	0	0
"ENST00000447405"	0	0	0	0
"ENST00000447535"	0	0	0	0
"ENST00000447844"	2	2	2	2
"ENST00000447861"	1	1	1	1
"ENST00000447938"	0	0	0	0
"ENST00000447939"	0	0	0	0
"ENST00000447980"	2	2	2	2
"ENST00000447985"	2	2	2	2
"ENST00000448049"	0	0	0	0
"ENST00000448054"	0	0	0	0
"ENST00000448063"	0	0	0	0
"ENST00000448152"	0	0	0	0
"ENST00000448247"	0.367302160104887	0.367302160104887	0.367302160104887	0.367302160104887
"ENST00000448287"	0	0	0	0
"ENST00000448288"	0	0	0	0
"ENST00000448340"	0	0	0	0
"ENST00000448463"	1	1	1	1
"ENST00000448579"	0	0	0	0
"ENST00000448649"	1	1	1	1
"ENST00000448832"	0	0	0	0
"ENST00000448845"	0	0	0	0
"ENST00000448850"	0	0	0	0
"ENST00000448908"	0	0	0	0
"ENST00000448927"	4.80786918114278	4.80786918114278	4.80786918114278	4.80786918114278
"ENST00000449165"	0	0	0	0
"ENST00000449214"	0	0	0	0
"ENST00000449339"	3	3	3	3
"ENST00000449395"	1.20703812664012	1.20703812664012	1.20703812664012	1.20703812664012
"ENST00000449478"	0	0	0	0
"ENST00000449491"	1.7393242507673	1.7393242507673	1.7393242507673	1.7393242507673
"ENST00000449602"	0	0	0	0
"ENST00000449622"	0	0	0	0
"ENST00000449640"	0	0	0	0
"ENST00000449713"	0	0	0	0
"ENST00000449746"	0	0	0	0
"ENST00000449840"	0	0	0	0
"ENST00000449877"	0	0	0	0
"ENST00000449923"	0	0	0	0
"ENST00000449949"	0	0	0	0
"ENST00000450007"	0	0	0	0
"ENST00000450079"	0	0	0	0
"ENST00000450121"	1	1	1	1
"ENST00000450190"	0.000256698204942049	0.000256698204942049	0.000256698204942049	0.000256698204942049
"ENST00000450205"	0	0	0	0
"ENST00000450351"	0	0	0	0
"ENST00000450472"	2	2	2	2
"ENST00000450533"	0	0	0	0
"ENST00000450653"	0	0	0	0
"ENST00000450769"	0	0	0	0
"ENST00000450823"	0	0	0	0
"ENST00000450830"	0	0	0	0
"ENST00000450880"	0	0	0	0
"ENST00000450895"	0	0	0	0
"ENST00000450928"	0	0	0	0
"ENST00000450936"	1	1	1	1
"ENST00000451035"	0	0	0	0
"ENST00000451052"	0	0	0	0
"ENST00000451065"	0	0	0	0
"ENST00000451131"	0	0	0	0
"ENST00000451211"	0	0	0	0
"ENST00000451248"	0	0	0	0
"ENST00000451410"	0	0	0	0
"ENST00000451462"	0	0	0	0
"ENST00000451489"	0	0	0	0
"ENST00000451543"	0	0	0	0
"ENST00000451615"	0	0	0	0
"ENST00000451618"	0	0	0	0
"ENST00000451645"	0	0	0	0
"ENST00000451655"	0	0	0	0
"ENST00000451663"	0	0	0	0
"ENST00000451686"	0	0	0	0
"ENST00000451820"	0	0	0	0
"ENST00000451980"	0	0	0	0
"ENST00000452028"	0	0	0	0
"ENST00000452420"	0	0	0	0
"ENST00000452460"	0	0	0	0
"ENST00000452500"	0	0	0	0
"ENST00000452550"	0	0	0	0
"ENST00000452561"	0	0	0	0
"ENST00000452572"	1	1	1	1
"ENST00000452969"	0	0	0	0
"ENST00000453032"	0	0	0	0
"ENST00000453159"	0.99999998805114	0.99999998805114	0.99999998805114	0.99999998805114
"ENST00000453420"	2.58101439973798	2.58101439973798	2.58101439973798	2.58101439973798
"ENST00000453500"	0	0	0	0
"ENST00000453549"	0	0	0	0
"ENST00000453553"	0	0	0	0
"ENST00000453626"	1.90112577482243e-07	1.90112577482243e-07	1.90112577482243e-07	1.90112577482243e-07
"ENST00000453699"	0	0	0	0
"ENST00000453716"	0	0	0	0
"ENST00000453784"	7.92495821786704	7.92495821786704	7.92495821786704	7.92495821786704
"ENST00000453802"	0	0	0	0
"ENST00000453844"	1	1	1	1
"ENST00000453910"	0	0	0	0
"ENST00000454115"	1.6070618489794	1.6070618489794	1.6070618489794	1.6070618489794
"ENST00000454128"	1	1	1	1
"ENST00000454157"	0	0	0	0
"ENST00000454182"	0	0	0	0
"ENST00000454245"	0	0	0	0
"ENST00000454365"	0	0	0	0
"ENST00000454482"	0	0	0	0
"ENST00000454499"	0	0	0	0
"ENST00000454567"	0	0	0	0
"ENST00000454622"	0	0	0	0
"ENST00000454737"	0	0	0	0
"ENST00000454795"	0	0	0	0
"ENST00000454800"	0	0	0	0
"ENST00000454921"	0	0	0	0
"ENST00000454980"	1	1	1	1
"ENST00000455028"	0	0	0	0
"ENST00000455097"	0	0	0	0
"ENST00000455116"	0	0	0	0
"ENST00000455164"	11.3676720214548	11.3676720214548	11.3676720214548	11.3676720214548
"ENST00000455170"	0	0	0	0
"ENST00000455177"	0	0	0	0
"ENST00000455253"	0	0	0	0
"ENST00000455275"	0	0	0	0
"ENST00000455354"	0	0	0	0
"ENST00000455391"	0	0	0	0
"ENST00000455392"	0	0	0	0
"ENST00000455508"	0	0	0	0
"ENST00000455528"	0	0	0	0
"ENST00000455567"	6.30005051908721	6.30005051908721	6.30005051908721	6.30005051908721
"ENST00000455571"	0	0	0	0
"ENST00000455701"	0	0	0	0
"ENST00000455813"	0	0	0	0
"ENST00000455867"	0	0	0	0
"ENST00000455939"	0	0	0	0
"ENST00000456017"	0	0	0	0
"ENST00000456084"	0	0	0	0
"ENST00000456342"	0	0	0	0
"ENST00000456489"	0	0	0	0
"ENST00000456507"	0	0	0	0
"ENST00000456613"	0	0	0	0
"ENST00000456705"	0	0	0	0
"ENST00000456825"	0	0	0	0
"ENST00000456880"	0	0	0	0
"ENST00000456904"	0	0	0	0
"ENST00000456917"	18	18	18	18
"ENST00000456957"	0	0	0	0
"ENST00000456966"	0.859014390442574	0.859014390442574	0.859014390442574	0.859014390442574
"ENST00000457068"	0	0	0	0
"ENST00000457143"	1	1	1	1
"ENST00000457157"	0	0	0	0
"ENST00000457162"	1	1	1	1
"ENST00000457208"	0	0	0	0
"ENST00000457325"	0	0	0	0
"ENST00000457359"	0.999999809887423	0.999999809887423	0.999999809887423	0.999999809887423
"ENST00000457565"	0	0	0	0
"ENST00000457669"	0	0	0	0
"ENST00000457709"	0	0	0	0
"ENST00000457807"	0	0	0	0
"ENST00000457828"	0.000332866716033646	0.000332866716033646	0.000332866716033646	0.000332866716033646
"ENST00000457881"	0	0	0	0
"ENST00000457905"	0	0	0	0
"ENST00000457956"	0	0	0	0
"ENST00000458015"	0	0	0	0
"ENST00000458138"	0	0	0	0
"ENST00000458223"	0	0	0	0
"ENST00000458295"	0	0	0	0
"ENST00000458316"	0	0	0	0
"ENST00000458356"	0	0	0	0
"ENST00000458387"	0	0	0	0
"ENST00000458479"	0	0	0	0
"ENST00000458495"	0	0	0	0
"ENST00000458654"	0	0	0	0
"ENST00000458922"	1	1	1	1
"ENST00000458992"	0	0	0	0
"ENST00000459639"	0.816335191991067	0.816335191991067	0.816335191991067	0.816335191991067
"ENST00000459741"	2.45943236545661	2.45943236545661	2.45943236545661	2.45943236545661
"ENST00000459833"	0	0	0	0
"ENST00000459895"	0	0	0	0
"ENST00000459909"	1	1	1	1
"ENST00000459922"	0	0	0	0
"ENST00000459939"	1	1	1	1
"ENST00000460011"	0	0	0	0
"ENST00000460020"	0	0	0	0
"ENST00000460174"	0	0	0	0
"ENST00000460207"	0	0	0	0
"ENST00000460212"	0	0	0	0
"ENST00000460259"	0	0	0	0
"ENST00000460305"	0	0	0	0
"ENST00000460328"	1	1	1	1
"ENST00000460521"	0	0	0	0
"ENST00000460557"	0	0	0	0
"ENST00000460679"	0	0	0	0
"ENST00000460704"	0	0	0	0
"ENST00000460734"	1	1	1	1
"ENST00000460740"	2	2	2	2
"ENST00000460783"	1	1	1	1
"ENST00000460883"	0	0	0	0
"ENST00000460886"	0	0	0	0
"ENST00000460905"	0	0	0	0
"ENST00000460932"	0	0	0	0
"ENST00000460989"	0	0	0	0
"ENST00000461088"	0	0	0	0
"ENST00000461123"	0	0	0	0
"ENST00000461281"	0	0	0	0
"ENST00000461686"	2.50224755247187	2.50224755247187	2.50224755247187	2.50224755247187
"ENST00000461785"	0	0	0	0
"ENST00000461889"	0	0	0	0
"ENST00000462050"	0	0	0	0
"ENST00000462212"	0	0	0	0
"ENST00000462214"	0	0	0	0
"ENST00000462224"	0	0	0	0
"ENST00000462262"	0	0	0	0
"ENST00000462267"	0	0	0	0
"ENST00000462274"	0	0	0	0
"ENST00000462349"	1	1	1	1
"ENST00000462467"	0	0	0	0
"ENST00000462566"	0	0	0	0
"ENST00000462569"	0	0	0	0
"ENST00000462571"	0	0	0	0
"ENST00000462742"	1.19213081885722	1.19213081885722	1.19213081885722	1.19213081885722
"ENST00000463060"	0	0	0	0
"ENST00000463070"	0	0	0	0
"ENST00000463099"	0	0	0	0
"ENST00000463138"	0	0	0	0
"ENST00000463216"	2	2	2	2
"ENST00000463276"	0	0	0	0
"ENST00000463599"	0	0	0	0
"ENST00000463631"	0	0	0	0
"ENST00000463668"	1.34644640309402	1.34644640309402	1.34644640309402	1.34644640309402
"ENST00000463674"	0	0	0	0
"ENST00000463771"	0	0	0	0
"ENST00000463807"	1	1	1	1
"ENST00000463902"	2	2	2	2
"ENST00000463917"	0	0	0	0
"ENST00000464037"	0	0	0	0
"ENST00000464058"	0.615158480957679	0.615158480957679	0.615158480957679	0.615158480957679
"ENST00000464078"	0	0	0	0
"ENST00000464215"	0	0	0	0
"ENST00000464256"	0	0	0	0
"ENST00000464265"	3.07724236800231	3.07724236800231	3.07724236800231	3.07724236800231
"ENST00000464357"	0	0	0	0
"ENST00000464435"	1	1	1	1
"ENST00000464589"	0	0	0	0
"ENST00000464664"	0	0	0	0
"ENST00000464750"	0	0	0	0
"ENST00000464778"	1	1	1	1
"ENST00000464867"	0	0	0	0
"ENST00000465077"	0	0	0	0
"ENST00000465143"	0	0	0	0
"ENST00000465326"	0	0	0	0
"ENST00000465356"	2.68064641149832	2.68064641149832	2.68064641149832	2.68064641149832
"ENST00000465532"	0	0	0	0
"ENST00000465574"	0	0	0	0
"ENST00000465732"	4.95089539927459e-06	4.95089539927459e-06	4.95089539927459e-06	4.95089539927459e-06
"ENST00000465834"	0.183557611411107	0.183557611411107	0.183557611411107	0.183557611411107
"ENST00000465905"	0	0	0	0
"ENST00000465955"	0	0	0	0
"ENST00000465968"	0	0	0	0
"ENST00000465978"	0	0	0	0
"ENST00000466122"	2.46419112823323	2.46419112823323	2.46419112823323	2.46419112823323
"ENST00000466134"	1.89036384133893	1.89036384133893	1.89036384133893	1.89036384133893
"ENST00000466285"	0	0	0	0
"ENST00000466328"	0	0	0	0
"ENST00000466434"	0	0	0	0
"ENST00000466453"	0	0	0	0
"ENST00000466472"	0	0	0	0
"ENST00000466474"	0.353848599618129	0.353848599618129	0.353848599618129	0.353848599618129
"ENST00000466639"	0	0	0	0
"ENST00000466746"	0	0	0	0
"ENST00000466787"	0.195660434781157	0.195660434781157	0.195660434781157	0.195660434781157
"ENST00000466846"	5.79659518147374	5.79659518147374	5.79659518147374	5.79659518147374
"ENST00000466861"	0	0	0	0
"ENST00000466882"	0.0388392383962795	0.0388392383962795	0.0388392383962795	0.0388392383962795
"ENST00000466954"	0	0	0	0
"ENST00000467026"	0	0	0	0
"ENST00000467060"	0	0	0	0
"ENST00000467074"	0	0	0	0
"ENST00000467112"	0	0	0	0
"ENST00000467162"	1	1	1	1
"ENST00000467280"	0	0	0	0
"ENST00000467315"	0	0	0	0
"ENST00000467358"	7.2388176160011	7.2388176160011	7.2388176160011	7.2388176160011
"ENST00000467403"	0	0	0	0
"ENST00000467409"	0	0	0	0
"ENST00000467445"	0	0	0	0
"ENST00000467510"	0	0	0	0
"ENST00000467565"	0	0	0	0
"ENST00000467573"	0	0	0	0
"ENST00000467575"	0	0	0	0
"ENST00000467577"	0	0	0	0
"ENST00000467616"	0	0	0	0
"ENST00000467692"	0	0	0	0
"ENST00000467731"	2	2	2	2
"ENST00000467818"	0	0	0	0
"ENST00000467908"	1.1440401318116	1.1440401318116	1.1440401318116	1.1440401318116
"ENST00000468009"	0	0	0	0
"ENST00000468016"	0	0	0	0
"ENST00000468039"	0	0	0	0
"ENST00000468059"	0	0	0	0
"ENST00000468090"	0.000337378088582376	0.000337378088582376	0.000337378088582376	0.000337378088582376
"ENST00000468349"	1	1	1	1
"ENST00000468360"	0	0	0	0
"ENST00000468392"	7.44966987588622	7.44966987588622	7.44966987588622	7.44966987588622
"ENST00000468429"	0	0	0	0
"ENST00000468474"	0	0	0	0
"ENST00000468506"	2	2	2	2
"ENST00000468508"	2.05525235070543	2.05525235070543	2.05525235070543	2.05525235070543
"ENST00000468643"	0	0	0	0
"ENST00000468717"	0	0	0	0
"ENST00000468726"	0	0	0	0
"ENST00000468788"	0	0	0	0
"ENST00000468805"	0	0	0	0
"ENST00000468864"	0.597183156510683	0.597183156510683	0.597183156510683	0.597183156510683
"ENST00000468874"	1	1	1	1
"ENST00000468924"	0	0	0	0
"ENST00000468982"	0	0	0	0
"ENST00000469079"	0	0	0	0
"ENST00000469087"	0	0	0	0
"ENST00000469240"	0	0	0	0
"ENST00000469393"	0	0	0	0
"ENST00000469395"	0	0	0	0
"ENST00000469412"	0	0	0	0
"ENST00000469482"	0.369486256756327	0.369486256756327	0.369486256756327	0.369486256756327
"ENST00000469521"	0	0	0	0
"ENST00000469658"	0	0	0	0
"ENST00000469939"	0	0	0	0
"ENST00000470029"	0	0	0	0
"ENST00000470054"	0	0	0	0
"ENST00000470108"	0	0	0	0
"ENST00000470196"	0	0	0	0
"ENST00000470450"	0	0	0	0
"ENST00000470533"	0	0	0	0
"ENST00000470545"	0	0	0	0
"ENST00000470586"	0	0	0	0
"ENST00000470658"	0	0	0	0
"ENST00000470682"	0	0	0	0
"ENST00000470742"	0	0	0	0
"ENST00000470800"	0	0	0	0
"ENST00000470864"	0	0	0	0
"ENST00000470886"	4	4	4	4
"ENST00000470912"	0	0	0	0
"ENST00000470944"	2.01407493380262	2.01407493380262	2.01407493380262	2.01407493380262
"ENST00000470987"	0	0	0	0
"ENST00000471250"	0	0	0	0
"ENST00000471260"	0	0	0	0
"ENST00000471269"	0	0	0	0
"ENST00000471277"	1.91736711328694	1.91736711328694	1.91736711328694	1.91736711328694
"ENST00000471407"	0	0	0	0
"ENST00000471468"	0	0	0	0
"ENST00000471490"	1.15256358146969	1.15256358146969	1.15256358146969	1.15256358146969
"ENST00000471540"	0	0	0	0
"ENST00000471689"	0	0	0	0
"ENST00000471860"	0	0	0	0
"ENST00000471902"	0	0	0	0
"ENST00000471909"	0	0	0	0
"ENST00000472184"	0	0	0	0
"ENST00000472191"	0	0	0	0
"ENST00000472272"	0	0	0	0
"ENST00000472318"	1	1	1	1
"ENST00000472364"	3.43420731413521	3.43420731413521	3.43420731413521	3.43420731413521
"ENST00000472398"	1	1	1	1
"ENST00000472401"	0	0	0	0
"ENST00000472429"	0	0	0	0
"ENST00000472548"	0	0	0	0
"ENST00000472557"	0	0	0	0
"ENST00000472587"	0	0	0	0
"ENST00000472588"	0	0	0	0
"ENST00000472602"	0	0	0	0
"ENST00000472607"	0	0	0	0
"ENST00000472777"	0	0	0	0
"ENST00000473102"	0	0	0	0
"ENST00000473107"	0	0	0	0
"ENST00000473212"	0	0	0	0
"ENST00000473381"	0	0	0	0
"ENST00000473752"	0	0	0	0
"ENST00000473813"	0	0	0	0
"ENST00000473988"	0	0	0	0
"ENST00000474011"	0	0	0	0
"ENST00000474114"	0	0	0	0
"ENST00000474132"	0	0	0	0
"ENST00000474136"	0	0	0	0
"ENST00000474272"	0	0	0	0
"ENST00000474319"	0	0	0	0
"ENST00000474336"	0.631426595126647	0.631426595126647	0.631426595126647	0.631426595126647
"ENST00000474355"	1	1	1	1
"ENST00000474368"	2	2	2	2
"ENST00000474455"	0.879422329427075	0.879422329427075	0.879422329427075	0.879422329427075
"ENST00000474596"	0	0	0	0
"ENST00000474735"	0	0	0	0
"ENST00000474737"	0	0	0	0
"ENST00000474775"	0	0	0	0
"ENST00000474835"	0	0	0	0
"ENST00000475009"	0	0	0	0
"ENST00000475045"	0	0	0	0
"ENST00000475047"	0.648101280730163	0.648101280730163	0.648101280730163	0.648101280730163
"ENST00000475072"	1.53234628631938	1.53234628631938	1.53234628631938	1.53234628631938
"ENST00000475170"	0	0	0	0
"ENST00000475205"	0	0	0	0
"ENST00000475297"	0	0	0	0
"ENST00000475344"	0.818457117792389	0.818457117792389	0.818457117792389	0.818457117792389
"ENST00000475402"	1	1	1	1
"ENST00000475422"	0	0	0	0
"ENST00000475534"	0	0	0	0
"ENST00000475618"	0	0	0	0
"ENST00000475639"	2.15837025807689	2.15837025807689	2.15837025807689	2.15837025807689
"ENST00000475776"	0	0	0	0
"ENST00000475838"	0	0	0	0
"ENST00000475864"	0	0	0	0
"ENST00000476084"	0	0	0	0
"ENST00000476106"	4.61106380802821e-08	4.61106380802821e-08	4.61106380802821e-08	4.61106380802821e-08
"ENST00000476313"	0	0	0	0
"ENST00000476326"	0	0	0	0
"ENST00000476524"	0	0	0	0
"ENST00000476653"	0	0	0	0
"ENST00000476784"	0	0	0	0
"ENST00000476848"	4.95825853587502	4.95825853587502	4.95825853587502	4.95825853587502
"ENST00000476914"	0	0	0	0
"ENST00000476948"	2.4881086589207	2.4881086589207	2.4881086589207	2.4881086589207
"ENST00000476950"	0	0	0	0
"ENST00000477091"	0	0	0	0
"ENST00000477351"	0	0	0	0
"ENST00000477419"	1	1	1	1
"ENST00000477513"	0	0	0	0
"ENST00000477633"	0	0	0	0
"ENST00000477954"	0	0	0	0
"ENST00000478035"	1	1	1	1
"ENST00000478105"	2.17459540077513	2.17459540077513	2.17459540077513	2.17459540077513
"ENST00000478183"	3.81644238858889	3.81644238858889	3.81644238858889	3.81644238858889
"ENST00000478200"	0	0	0	0
"ENST00000478268"	7.43587110110057	7.43587110110057	7.43587110110057	7.43587110110057
"ENST00000478273"	0	0	0	0
"ENST00000478282"	4.16913899885457	4.16913899885457	4.16913899885457	4.16913899885457
"ENST00000478313"	1	1	1	1
"ENST00000478372"	0	0	0	0
"ENST00000478426"	0	0	0	0
"ENST00000478613"	0	0	0	0
"ENST00000478674"	0	0	0	0
"ENST00000478680"	2.61470953286569	2.61470953286569	2.61470953286569	2.61470953286569
"ENST00000478709"	0	0	0	0
"ENST00000478932"	4	4	4	4
"ENST00000479117"	0	0	0	0
"ENST00000479127"	0	0	0	0
"ENST00000479152"	1	1	1	1
"ENST00000479153"	4.37256122406454	4.37256122406454	4.37256122406454	4.37256122406454
"ENST00000479202"	1.70090677218182	1.70090677218182	1.70090677218182	1.70090677218182
"ENST00000479325"	0	0	0	0
"ENST00000479378"	0	0	0	0
"ENST00000479424"	0	0	0	0
"ENST00000479429"	0	0	0	0
"ENST00000479548"	0	0	0	0
"ENST00000479557"	0	0	0	0
"ENST00000479586"	0	0	0	0
"ENST00000479654"	2.52469074404429	2.52469074404429	2.52469074404429	2.52469074404429
"ENST00000479810"	0	0	0	0
"ENST00000479849"	0	0	0	0
"ENST00000479930"	2.5927124103883	2.5927124103883	2.5927124103883	2.5927124103883
"ENST00000479964"	0	0	0	0
"ENST00000480147"	3.75859536404915	3.75859536404915	3.75859536404915	3.75859536404915
"ENST00000480179"	0	0	0	0
"ENST00000480196"	0	0	0	0
"ENST00000480234"	0	0	0	0
"ENST00000480359"	0	0	0	0
"ENST00000480452"	0	0	0	0
"ENST00000480456"	6.98365713197012e-08	6.98365713197012e-08	6.98365713197012e-08	6.98365713197012e-08
"ENST00000480486"	1	1	1	1
"ENST00000480553"	1.35965595497019	1.35965595497019	1.35965595497019	1.35965595497019
"ENST00000480612"	1.01056989075158	1.01056989075158	1.01056989075158	1.01056989075158
"ENST00000480690"	0.780123136869896	0.780123136869896	0.780123136869896	0.780123136869896
"ENST00000480786"	0	0	0	0
"ENST00000480893"	0	0	0	0
"ENST00000480896"	8.81689614006481	8.81689614006481	8.81689614006481	8.81689614006481
"ENST00000480950"	0	0	0	0
"ENST00000481022"	0	0	0	0
"ENST00000481059"	0	0	0	0
"ENST00000481113"	1.65018034840751	1.65018034840751	1.65018034840751	1.65018034840751
"ENST00000481185"	0	0	0	0
"ENST00000481302"	1	1	1	1
"ENST00000481319"	1	1	1	1
"ENST00000481411"	0	0	0	0
"ENST00000481448"	0	0	0	0
"ENST00000481458"	0.457150856329692	0.457150856329692	0.457150856329692	0.457150856329692
"ENST00000481460"	1.9129226281894	1.9129226281894	1.9129226281894	1.9129226281894
"ENST00000481477"	0	0	0	0
"ENST00000481512"	0.00113055460022543	0.00113055460022543	0.00113055460022543	0.00113055460022543
"ENST00000481546"	7.45465188130208	7.45465188130208	7.45465188130208	7.45465188130208
"ENST00000481582"	0	0	0	0
"ENST00000481605"	0	0	0	0
"ENST00000481609"	0	0	0	0
"ENST00000481638"	0	0	0	0
"ENST00000481710"	0	0	0	0
"ENST00000481838"	0	0	0	0
"ENST00000481861"	0	0	0	0
"ENST00000481883"	5.56579268586479	5.56579268586479	5.56579268586479	5.56579268586479
"ENST00000481921"	1	1	1	1
"ENST00000482032"	0	0	0	0
"ENST00000482084"	0	0	0	0
"ENST00000482186"	2.48365415252213	2.48365415252213	2.48365415252213	2.48365415252213
"ENST00000482192"	0	0	0	0
"ENST00000482273"	0.0037272217691626	0.0037272217691626	0.0037272217691626	0.0037272217691626
"ENST00000482318"	0	0	0	0
"ENST00000482508"	1	1	1	1
"ENST00000482533"	0	0	0	0
"ENST00000482575"	1	1	1	1
"ENST00000482663"	1	1	1	1
"ENST00000482679"	0.937596937072421	0.937596937072421	0.937596937072421	0.937596937072421
"ENST00000482733"	1	1	1	1
"ENST00000482761"	1.88597247560319	1.88597247560319	1.88597247560319	1.88597247560319
"ENST00000482775"	0	0	0	0
"ENST00000482915"	1	1	1	1
"ENST00000482953"	2.55629369844316	2.55629369844316	2.55629369844316	2.55629369844316
"ENST00000482980"	0	0	0	0
"ENST00000483178"	0	0	0	0
"ENST00000483315"	5.24504755826648e-07	5.24504755826648e-07	5.24504755826648e-07	5.24504755826648e-07
"ENST00000483326"	2.59377137199189	2.59377137199189	2.59377137199189	2.59377137199189
"ENST00000483568"	0	0	0	0
"ENST00000483844"	1	1	1	1
"ENST00000483896"	0.160148031491	0.160148031491	0.160148031491	0.160148031491
"ENST00000483973"	0	0	0	0
"ENST00000483977"	3.80078710644678	3.80078710644678	3.80078710644678	3.80078710644678
"ENST00000484028"	0	0	0	0
"ENST00000484047"	2.0881526840112	2.0881526840112	2.0881526840112	2.0881526840112
"ENST00000484090"	0	0	0	0
"ENST00000484174"	0	0	0	0
"ENST00000484294"	0	0	0	0
"ENST00000484377"	0	0	0	0
"ENST00000484403"	0	0	0	0
"ENST00000484465"	0.351634922690834	0.351634922690834	0.351634922690834	0.351634922690834
"ENST00000484627"	0	0	0	0
"ENST00000484712"	0.781980273811276	0.781980273811276	0.781980273811276	0.781980273811276
"ENST00000484808"	0	0	0	0
"ENST00000484861"	0	0	0	0
"ENST00000484865"	1.43259870337333	1.43259870337333	1.43259870337333	1.43259870337333
"ENST00000484878"	0	0	0	0
"ENST00000484887"	0	0	0	0
"ENST00000484983"	0	0	0	0
"ENST00000485067"	5	5	5	5
"ENST00000485190"	0	0	0	0
"ENST00000485206"	0	0	0	0
"ENST00000485207"	2	2	2	2
"ENST00000485272"	0	0	0	0
"ENST00000485299"	0	0	0	0
"ENST00000485357"	0	0	0	0
"ENST00000485402"	0	0	0	0
"ENST00000485488"	0	0	0	0
"ENST00000485493"	0	0	0	0
"ENST00000485550"	0	0	0	0
"ENST00000485591"	0	0	0	0
"ENST00000485621"	1.13771392949199e-05	1.13771392949199e-05	1.13771392949199e-05	1.13771392949199e-05
"ENST00000485649"	0	0	0	0
"ENST00000485790"	1.55543553435362	1.55543553435362	1.55543553435362	1.55543553435362
"ENST00000485865"	0.693351258738804	0.693351258738804	0.693351258738804	0.693351258738804
"ENST00000485895"	0	0	0	0
"ENST00000485933"	0	0	0	0
"ENST00000486002"	0	0	0	0
"ENST00000486023"	0	0	0	0
"ENST00000486098"	0	0	0	0
"ENST00000486126"	0.512030188246343	0.512030188246343	0.512030188246343	0.512030188246343
"ENST00000486275"	0	0	0	0
"ENST00000486303"	0	0	0	0
"ENST00000486363"	0	0	0	0
"ENST00000486367"	0	0	0	0
"ENST00000486427"	0	0	0	0
"ENST00000486519"	0	0	0	0
"ENST00000486520"	4	4	4	4
"ENST00000486719"	0	0	0	0
"ENST00000486741"	0	0	0	0
"ENST00000486746"	0.614156329034772	0.614156329034772	0.614156329034772	0.614156329034772
"ENST00000486812"	2.2300661737493	2.2300661737493	2.2300661737493	2.2300661737493
"ENST00000486902"	0	0	0	0
"ENST00000486937"	2.86142189974403	2.86142189974403	2.86142189974403	2.86142189974403
"ENST00000487113"	0	0	0	0
"ENST00000487155"	0	0	0	0
"ENST00000487266"	0	0	0	0
"ENST00000487297"	1.19841056034483	1.19841056034483	1.19841056034483	1.19841056034483
"ENST00000487374"	0	0	0	0
"ENST00000487427"	0	0	0	0
"ENST00000487434"	1	1	1	1
"ENST00000487711"	0	0	0	0
"ENST00000487869"	0	0	0	0
"ENST00000487909"	1.9999997726037	1.9999997726037	1.9999997726037	1.9999997726037
"ENST00000487951"	0	0	0	0
"ENST00000487990"	0	0	0	0
"ENST00000487994"	0	0	0	0
"ENST00000488166"	2.2603132975382	2.2603132975382	2.2603132975382	2.2603132975382
"ENST00000488167"	0	0	0	0
"ENST00000488368"	0	0	0	0
"ENST00000488392"	1.23860201641013	1.23860201641013	1.23860201641013	1.23860201641013
"ENST00000488492"	0	0	0	0
"ENST00000488522"	0	0	0	0
"ENST00000488526"	0.999995049104601	0.999995049104601	0.999995049104601	0.999995049104601
"ENST00000488556"	0	0	0	0
"ENST00000488577"	0	0	0	0
"ENST00000488791"	0	0	0	0
"ENST00000489072"	0	0	0	0
"ENST00000489175"	0	0	0	0
"ENST00000489201"	0	0	0	0
"ENST00000489261"	0	0	0	0
"ENST00000489319"	0	0	0	0
"ENST00000489469"	0	0	0	0
"ENST00000489661"	0	0	0	0
"ENST00000489676"	0	0	0	0
"ENST00000489821"	0	0	0	0
"ENST00000489903"	0	0	0	0
"ENST00000490032"	0.899089948030858	0.899089948030858	0.899089948030858	0.899089948030858
"ENST00000490091"	3.24579135231843	3.24579135231843	3.24579135231843	3.24579135231843
"ENST00000490184"	0	0	0	0
"ENST00000490220"	0	0	0	0
"ENST00000490358"	0	0	0	0
"ENST00000490393"	5.52525181560117	5.52525181560117	5.52525181560117	5.52525181560117
"ENST00000490450"	0	0	0	0
"ENST00000490468"	0.947561155078572	0.947561155078572	0.947561155078572	0.947561155078572
"ENST00000490479"	0	0	0	0
"ENST00000490666"	4.40266856516694	4.40266856516694	4.40266856516694	4.40266856516694
"ENST00000490714"	0	0	0	0
"ENST00000490803"	0	0	0	0
"ENST00000490860"	0	0	0	0
"ENST00000490865"	0	0	0	0
"ENST00000490982"	0	0	0	0
"ENST00000491110"	2.03540416920803	2.03540416920803	2.03540416920803	2.03540416920803
"ENST00000491183"	0	0	0	0
"ENST00000491298"	0	0	0	0
"ENST00000491389"	0	0	0	0
"ENST00000491395"	0	0	0	0
"ENST00000491486"	0.626705657359095	0.626705657359095	0.626705657359095	0.626705657359095
"ENST00000491513"	0	0	0	0
"ENST00000491559"	0	0	0	0
"ENST00000491564"	0	0	0	0
"ENST00000491625"	0	0	0	0
"ENST00000491666"	1.65267486172504	1.65267486172504	1.65267486172504	1.65267486172504
"ENST00000491703"	5.04178498669894	5.04178498669894	5.04178498669894	5.04178498669894
"ENST00000491729"	2	2	2	2
"ENST00000491756"	0	0	0	0
"ENST00000491776"	1.70264097620821	1.70264097620821	1.70264097620821	1.70264097620821
"ENST00000491794"	0	0	0	0
"ENST00000491828"	0	0	0	0
"ENST00000491838"	0	0	0	0
"ENST00000491927"	0	0	0	0
"ENST00000491952"	1	1	1	1
"ENST00000492229"	0	0	0	0
"ENST00000492275"	0	0	0	0
"ENST00000492280"	1.10091005196914	1.10091005196914	1.10091005196914	1.10091005196914
"ENST00000492336"	0	0	0	0
"ENST00000492414"	0	0	0	0
"ENST00000492514"	0	0	0	0
"ENST00000492600"	0	0	0	0
"ENST00000492603"	0	0	0	0
"ENST00000492638"	0	0	0	0
"ENST00000492656"	0	0	0	0
"ENST00000492742"	0	0	0	0
"ENST00000492760"	0	0	0	0
"ENST00000492833"	0	0	0	0
"ENST00000492851"	0	0	0	0
"ENST00000492864"	1.59352310577434	1.59352310577434	1.59352310577434	1.59352310577434
"ENST00000492930"	0	0	0	0
"ENST00000492962"	0	0	0	0
"ENST00000493019"	0	0	0	0
"ENST00000493196"	2	2	2	2
"ENST00000493295"	0	0	0	0
"ENST00000493464"	0	0	0	0
"ENST00000493503"	0	0	0	0
"ENST00000493524"	0	0	0	0
"ENST00000493640"	0	0	0	0
"ENST00000493753"	2	2	2	2
"ENST00000493811"	0	0	0	0
"ENST00000493883"	0	0	0	0
"ENST00000494243"	0	0	0	0
"ENST00000494252"	0	0	0	0
"ENST00000494296"	0	0	0	0
"ENST00000494310"	0	0	0	0
"ENST00000494435"	2.64034404502981	2.64034404502981	2.64034404502981	2.64034404502981
"ENST00000494498"	0	0	0	0
"ENST00000494690"	0	0	0	0
"ENST00000494755"	0	0	0	0
"ENST00000494829"	1	1	1	1
"ENST00000495005"	4.87745941733186	4.87745941733186	4.87745941733186	4.87745941733186
"ENST00000495007"	0	0	0	0
"ENST00000495055"	0	0	0	0
"ENST00000495217"	0	0	0	0
"ENST00000495240"	0	0	0	0
"ENST00000495274"	0	0	0	0
"ENST00000495343"	0	0	0	0
"ENST00000495344"	0	0	0	0
"ENST00000495363"	0	0	0	0
"ENST00000495475"	1.95611844157579	1.95611844157579	1.95611844157579	1.95611844157579
"ENST00000495521"	0	0	0	0
"ENST00000495656"	0	0	0	0
"ENST00000495858"	1	1	1	1
"ENST00000495892"	6	6	6	6
"ENST00000496044"	0.0575373213544906	0.0575373213544906	0.0575373213544906	0.0575373213544906
"ENST00000496121"	0	0	0	0
"ENST00000496124"	0	0	0	0
"ENST00000496321"	1	1	1	1
"ENST00000496395"	0	0	0	0
"ENST00000496416"	1.9420027881408	1.9420027881408	1.9420027881408	1.9420027881408
"ENST00000496462"	8.05206957771018	8.05206957771018	8.05206957771018	8.05206957771018
"ENST00000496485"	1.49775244752813	1.49775244752813	1.49775244752813	1.49775244752813
"ENST00000496601"	0	0	0	0
"ENST00000496607"	5.92335818354032	5.92335818354032	5.92335818354032	5.92335818354032
"ENST00000496615"	0	0	0	0
"ENST00000496664"	0	0	0	0
"ENST00000496759"	0	0	0	0
"ENST00000496773"	0	0	0	0
"ENST00000496774"	0	0	0	0
"ENST00000496779"	1.40481213320832	1.40481213320832	1.40481213320832	1.40481213320832
"ENST00000496783"	2	2	2	2
"ENST00000496824"	0	0	0	0
"ENST00000497243"	0	0	0	0
"ENST00000497313"	0	0	0	0
"ENST00000497493"	6.83720901402363	6.83720901402363	6.83720901402363	6.83720901402363
"ENST00000497547"	8.31460015290783	8.31460015290783	8.31460015290783	8.31460015290783
"ENST00000497630"	0.635934518086284	0.635934518086284	0.635934518086284	0.635934518086284
"ENST00000497664"	0.257254291094815	0.257254291094815	0.257254291094815	0.257254291094815
"ENST00000497805"	0	0	0	0
"ENST00000497833"	0	0	0	0
"ENST00000497873"	2.20340481852626	2.20340481852626	2.20340481852626	2.20340481852626
"ENST00000497881"	1.55260949331843	1.55260949331843	1.55260949331843	1.55260949331843
"ENST00000497909"	0	0	0	0
"ENST00000498040"	0	0	0	0
"ENST00000498121"	0	0	0	0
"ENST00000498151"	0	0	0	0
"ENST00000498210"	0	0	0	0
"ENST00000498355"	0	0	0	0
"ENST00000498371"	0	0	0	0
"ENST00000498430"	0.838799762740384	0.838799762740384	0.838799762740384	0.838799762740384
"ENST00000498614"	0.838841250917094	0.838841250917094	0.838841250917094	0.838841250917094
"ENST00000498666"	8.5405434140277	8.5405434140277	8.5405434140277	8.5405434140277
"ENST00000498670"	0	0	0	0
"ENST00000498789"	1	1	1	1
"ENST00000498799"	0	0	0	0
"ENST00000498841"	1.71112402375236	1.71112402375236	1.71112402375236	1.71112402375236
"ENST00000504298"	2	2	2	2
"ENST00000507941"	0	0	0	0
"ENST00000508999"	0	0	0	0
"ENST00000515969"	0	0	0	0
"ENST00000516042"	0	0	0	0
"ENST00000516163"	0	0	0	0
"ENST00000516236"	0	0	0	0
"ENST00000516390"	0	0	0	0
"ENST00000516464"	0	0	0	0
"ENST00000516653"	0	0	0	0
"ENST00000516797"	0	0	0	0
"ENST00000516810"	0	0	0	0
"ENST00000517106"	0	0	0	0
"ENST00000517141"	0	0	0	0
"ENST00000517154"	0	0	0	0
"ENST00000517452"	0	0	0	0
"ENST00000517563"	0	0	0	0
"ENST00000517777"	0	0	0	0
"ENST00000517819"	0	0	0	0
"ENST00000518033"	0	0	0	0
"ENST00000518236"	0	0	0	0
"ENST00000518498"	0	0	0	0
"ENST00000520389"	0	0	0	0
"ENST00000521987"	1.87251336517842	1.87251336517842	1.87251336517842	1.87251336517842
"ENST00000521995"	0	0	0	0
"ENST00000522411"	1.10773768194831	1.10773768194831	1.10773768194831	1.10773768194831
"ENST00000522688"	0	0	0	0
"ENST00000522931"	0.517918094159795	0.517918094159795	0.517918094159795	0.517918094159795
"ENST00000523126"	0	0	0	0
"ENST00000523323"	0.000115509481948336	0.000115509481948336	0.000115509481948336	0.000115509481948336
"ENST00000523663"	0	0	0	0
"ENST00000524251"	0	0	0	0
"ENST00000527919"	0	0	0	0
"ENST00000528477"	0.122609366161859	0.122609366161859	0.122609366161859	0.122609366161859
"ENST00000530812"	0	0	0	0
"ENST00000530908"	2	2	2	2
"ENST00000534991"	0	0	0	0
"ENST00000535199"	1	1	1	1
"ENST00000536861"	0	0	0	0
"ENST00000540756"	0	0	0	0
"ENST00000540844"	0	0	0	0
"ENST00000541036"	0	0	0	0
"ENST00000542230"	0	0	0	0
"ENST00000543733"	1	1	1	1
"ENST00000545369"	4.15700577712607	4.15700577712607	4.15700577712607	4.15700577712607
"ENST00000545939"	0	0	0	0
"ENST00000546158"	0	0	0	0
"ENST00000546469"	0	0	0	0
"ENST00000546482"	0	0	0	0
"ENST00000547141"	0	0	0	0
"ENST00000547201"	0.70368348810306	0.70368348810306	0.70368348810306	0.70368348810306
"ENST00000547341"	0	0	0	0
"ENST00000547595"	0.817311581367519	0.817311581367519	0.817311581367519	0.817311581367519
"ENST00000547657"	0	0	0	0
"ENST00000548219"	0	0	0	0
"ENST00000548467"	0	0	0	0
"ENST00000548570"	0	0	0	0
"ENST00000548700"	0	0	0	0
"ENST00000549158"	0	0	0	0
"ENST00000549265"	0	0	0	0
"ENST00000549362"	0	0	0	0
"ENST00000549805"	0	0	0	0
"ENST00000549932"	0	0	0	0
"ENST00000549948"	2	2	2	2
"ENST00000550131"	1	1	1	1
"ENST00000551367"	0	0	0	0
"ENST00000551422"	0	0	0	0
"ENST00000551788"	0	0	0	0
"ENST00000552581"	0	0	0	0
"ENST00000553001"	0	0	0	0
"ENST00000557820"	0	0	0	0
"ENST00000558955"	0	0	0	0
"ENST00000559466"	1	1	1	1
"ENST00000560448"	0	0	0	0
"ENST00000565564"	0	0	0	0
"ENST00000565959"	2	2	2	2
"ENST00000567517"	0	0	0	0
"ENST00000567670"	0	0	0	0
"ENST00000568332"	1	1	1	1
"ENST00000569966"	0	0	0	0
"ENST00000577708"	0	0	0	0
"ENST00000578829"	0	0	0	0
"ENST00000579137"	0	0	0	0
"ENST00000579533"	0	0	0	0
"ENST00000580069"	0	0	0	0
"ENST00000580304"	0	0	0	0
"ENST00000581194"	0	0	0	0
"ENST00000581640"	0	0	0	0
"ENST00000581669"	0	0	0	0
"ENST00000581787"	0	0	0	0
"ENST00000581792"	0.5	0.5	0.5	0.5
"ENST00000582241"	0	0	0	0
"ENST00000582575"	0	0	0	0
"ENST00000583100"	0	0	0	0
"ENST00000583496"	0	0	0	0
"ENST00000584048"	0	0	0	0
"ENST00000584169"	0	0	0	0
"ENST00000584271"	0	0	0	0
"ENST00000584840"	0	0	0	0
"ENST00000585040"	0	0	0	0
"ENST00000585273"	0	0	0	0
"ENST00000586552"	0	0	0	0
"ENST00000588753"	0	0	0	0
"ENST00000589300"	0	0	0	0
"ENST00000590829"	0	0	0	0
"ENST00000591223"	1.6030773585566	1.6030773585566	1.6030773585566	1.6030773585566
"ENST00000593338"	0	0	0	0
"ENST00000593619"	0	0	0	0
"ENST00000593977"	0	0	0	0
"ENST00000594149"	0	0	0	0
"ENST00000594320"	0	0	0	0
"ENST00000594370"	0	0	0	0
"ENST00000594752"	0	0	0	0
"ENST00000595747"	0	0	0	0
"ENST00000596207"	0	0	0	0
"ENST00000596365"	0	0	0	0
"ENST00000596385"	0	0	0	0
"ENST00000596669"	1	1	1	1
"ENST00000597626"	0	0	0	0
"ENST00000597894"	0	0	0	0
"ENST00000599421"	0	0	0	0
"ENST00000599569"	0	0	0	0
"ENST00000599572"	0	0	0	0
"ENST00000599962"	0	0	0	0
"ENST00000600155"	0	0	0	0
"ENST00000600590"	0	0	0	0
"ENST00000601471"	0	0	0	0
"ENST00000602323"	0	0	0	0
"ENST00000602339"	0	0	0	0
"ENST00000602454"	0	0	0	0
"ENST00000602505"	0	0	0	0
"ENST00000602568"	1	1	1	1
"ENST00000602580"	0	0	0	0
"ENST00000602620"	0	0	0	0
"ENST00000602654"	0	0	0	0
"ENST00000602659"	2	2	2	2
"ENST00000602892"	0	0	0	0
"ENST00000602901"	0	0	0	0
"ENST00000602921"	0	0	0	0
"ENST00000602935"	0	0	0	0
"ENST00000603064"	0	0	0	0
"ENST00000603349"	0	0	0	0
"ENST00000604662"	0	0	0	0
"ENST00000604687"	1	1	1	1
"ENST00000605450"	0	0	0	0
"ENST00000606322"	0	0	0	0
"ENST00000607049"	0	0	0	0
"ENST00000607150"	0	0	0	0
"ENST00000607953"	1	1	1	1
"ENST00000608043"	0	0	0	0
"ENST00000608072"	2	2	2	2
"ENST00000608289"	0	0	0	0
"ENST00000608391"	0	0	0	0
"ENST00000608405"	1	1	1	1
"ENST00000608410"	0	0	0	0
"ENST00000608431"	0	0	0	0
"ENST00000608591"	0	0	0	0
"ENST00000608622"	0	0	0	0
"ENST00000608632"	0	0	0	0
"ENST00000608641"	0	0	0	0
"ENST00000608665"	0	0	0	0
"ENST00000608690"	0	0	0	0
"ENST00000608759"	0	0	0	0
"ENST00000608767"	0	0	0	0
"ENST00000608783"	0	0	0	0
"ENST00000608809"	0	0	0	0
"ENST00000609062"	0	0	0	0
"ENST00000609132"	0	0	0	0
"ENST00000609192"	0	0	0	0
"ENST00000609325"	0	0	0	0
"ENST00000609365"	0	0	0	0
"ENST00000609461"	0	0	0	0
"ENST00000609556"	0	0	0	0
"ENST00000609592"	0	0	0	0
"ENST00000609664"	0	0	0	0
"ENST00000609694"	0	0	0	0
"ENST00000609713"	2	2	2	2
"ENST00000609782"	0	0	0	0
"ENST00000609910"	1	1	1	1
"ENST00000609934"	3	3	3	3
"ENST00000609947"	0	0	0	0
"ENST00000609953"	0	0	0	0
"ENST00000609985"	0	0	0	0
"ENST00000610063"	0	0	0	0
"ENST00000610200"	0	0	0	0
"ENST00000610236"	0	0	0	0
"ENST00000610276"	0	0	0	0
"ENST00000610460"	0	0	0	0
"ENST00000610482"	0	0	0	0
"ENST00000610664"	0	0	0	0
"ENST00000610788"	0	0	0	0
"ENST00000610988"	0	0	0	0
"ENST00000611026"	0	0	0	0
"ENST00000611195"	0	0	0	0
"ENST00000611656"	0	0	0	0
"ENST00000611755"	0	0	0	0
"ENST00000611936"	0	0	0	0
"ENST00000611994"	0	0	0	0
"ENST00000612139"	0	0	0	0
"ENST00000612267"	0	0	0	0
"ENST00000612273"	0	0	0	0
"ENST00000612277"	0.000264581468191998	0.000264581468191998	0.000264581468191998	0.000264581468191998
"ENST00000612326"	0	0	0	0
"ENST00000612331"	0	0	0	0
"ENST00000612463"	0	0	0	0
"ENST00000612472"	0	0	0	0
"ENST00000612610"	0	0	0	0
"ENST00000612624"	0	0	0	0
"ENST00000612702"	0	0	0	0
"ENST00000612746"	0	0	0	0
"ENST00000612957"	0	0	0	0
"ENST00000613045"	0	0	0	0
"ENST00000613245"	0	0	0	0
"ENST00000613317"	0	0	0	0
"ENST00000613359"	0	0	0	0
"ENST00000613488"	0	0	0	0
"ENST00000613499"	0	0	0	0
"ENST00000613590"	0	0	0	0
"ENST00000613667"	0	0	0	0
"ENST00000613691"	0	0	0	0
"ENST00000613704"	0	0	0	0
"ENST00000613803"	0	0	0	0
"ENST00000613894"	0	0	0	0
"ENST00000613967"	0	0	0	0
"ENST00000613970"	2	2	2	2
"ENST00000614229"	0	0	0	0
"ENST00000614260"	0	0	0	0
"ENST00000614492"	0	0	0	0
"ENST00000614538"	0	0	0	0
"ENST00000614971"	0.0135361743011256	0.0135361743011256	0.0135361743011256	0.0135361743011256
"ENST00000615172"	1	1	1	1
"ENST00000615262"	0	0	0	0
"ENST00000615324"	0	0	0	0
"ENST00000615444"	0	0	0	0
"ENST00000615480"	0	0	0	0
"ENST00000615718"	1.07969836022831	1.07969836022831	1.07969836022831	1.07969836022831
"ENST00000615804"	0	0	0	0
"ENST00000615826"	0	0	0	0
"ENST00000615847"	0	0	0	0
"ENST00000615959"	0.5	0.5	0.5	0.5
"ENST00000616030"	0	0	0	0
"ENST00000616420"	0	0	0	0
"ENST00000616483"	0	0	0	0
"ENST00000616522"	0	0	0	0
"ENST00000616529"	0	0	0	0
"ENST00000616627"	0	0	0	0
"ENST00000616647"	0	0	0	0
"ENST00000616689"	0	0	0	0
"ENST00000616808"	0	0	0	0
"ENST00000616815"	1	1	1	1
"ENST00000616920"	0	0	0	0
"ENST00000616952"	0	0	0	0
"ENST00000617004"	0	0	0	0
"ENST00000617062"	0	0	0	0
"ENST00000617205"	1	1	1	1
"ENST00000617313"	0	0	0	0
"ENST00000617336"	0	0	0	0
"ENST00000617390"	0	0	0	0
"ENST00000617417"	0	0	0	0
"ENST00000617668"	0	0	0	0
"ENST00000617706"	0	0	0	0
"ENST00000617716"	3.68493351483687	3.68493351483687	3.68493351483687	3.68493351483687
"ENST00000617746"	0	0	0	0
"ENST00000617755"	1.9999999721172	1.9999999721172	1.9999999721172	1.9999999721172
"ENST00000617854"	0	0	0	0
"ENST00000617870"	0	0	0	0
"ENST00000617971"	0	0	0	0
"ENST00000618007"	0	0	0	0
"ENST00000618024"	0	0	0	0
"ENST00000618423"	0	0	0	0
"ENST00000618699"	0	0	0	0
"ENST00000618749"	0	0	0	0
"ENST00000618832"	0	0	0	0
"ENST00000619005"	0	0	0	0
"ENST00000619030"	0	0	0	0
"ENST00000619053"	1	1	1	1
"ENST00000619112"	0	0	0	0
"ENST00000619120"	0	0	0	0
"ENST00000619222"	1	1	1	1
"ENST00000619242"	0	0	0	0
"ENST00000619252"	0	0	0	0
"ENST00000619419"	0	0	0	0
"ENST00000619471"	0	0	0	0
"ENST00000619488"	0	0	0	0
"ENST00000619537"	0	0	0	0
"ENST00000619549"	0	0	0	0
"ENST00000619610"	0	0	0	0
"ENST00000619682"	4.39238968860339	4.39238968860339	4.39238968860339	4.39238968860339
"ENST00000619798"	0	0	0	0
"ENST00000619874"	0	0	0	0
"ENST00000620015"	4.96706352802574	4.96706352802574	4.96706352802574	4.96706352802574
"ENST00000620065"	0	0	0	0
"ENST00000620163"	2	2	2	2
"ENST00000620221"	0	0	0	0
"ENST00000620442"	0	0	0	0
"ENST00000620481"	0	0	0	0
"ENST00000620528"	0	0	0	0
"ENST00000620580"	0.592457187398204	0.592457187398204	0.592457187398204	0.592457187398204
"ENST00000620684"	0	0	0	0
"ENST00000620920"	0	0	0	0
"ENST00000621064"	0	0	0	0
"ENST00000621162"	0	0	0	0
"ENST00000621201"	0	0	0	0
"ENST00000621412"	0	0	0	0
"ENST00000621478"	1.09094407747425	1.09094407747425	1.09094407747425	1.09094407747425
"ENST00000621601"	0	0	0	0
"ENST00000621707"	0	0	0	0
"ENST00000621909"	0	0	0	0
"ENST00000621924"	0	0	0	0
"ENST00000622028"	0	0	0	0
"ENST00000622113"	0	0	0	0
"ENST00000622171"	0	0	0	0
"ENST00000622292"	0	0	0	0
"ENST00000622352"	0	0	0	0
"ENST00000622482"	0	0	0	0
"ENST00000622592"	0	0	0	0
"ENST00000622690"	0	0	0	0
"ENST00000622854"	0	0	0	0
"ENST00000622911"	0	0	0	0
"ENST00000622914"	0.297359023791789	0.297359023791789	0.297359023791789	0.297359023791789
"ENST00000622915"	0	0	0	0
"ENST00000622934"	0	0	0	0
"ENST00000622939"	0	0	0	0
"ENST00000622961"	2	2	2	2
"ENST00000622995"	0.683195660266586	0.683195660266586	0.683195660266586	0.683195660266586
"ENST00000623011"	1.15256358146969	1.15256358146969	1.15256358146969	1.15256358146969
"ENST00000623047"	0	0	0	0
"ENST00000623050"	0	0	0	0
"ENST00000623061"	0	0	0	0
"ENST00000623095"	0	0	0	0
"ENST00000623098"	0	0	0	0
"ENST00000623106"	0	0	0	0
"ENST00000623119"	0	0	0	0
"ENST00000623131"	0	0	0	0
"ENST00000623161"	0	0	0	0
"ENST00000623165"	0	0	0	0
"ENST00000623182"	0	0	0	0
"ENST00000623188"	0	0	0	0
"ENST00000623190"	0	0	0	0
"ENST00000623201"	0	0	0	0
"ENST00000623217"	0	0	0	0
"ENST00000623225"	0	0	0	0
"ENST00000623227"	0	0	0	0
"ENST00000623236"	0	0	0	0
"ENST00000623297"	0.145246440645007	0.145246440645007	0.145246440645007	0.145246440645007
"ENST00000623313"	0	0	0	0
"ENST00000623324"	0	0	0	0
"ENST00000623347"	0	0	0	0
"ENST00000623352"	0	0	0	0
"ENST00000623370"	0	0	0	0
"ENST00000623374"	0.425704836802844	0.425704836802844	0.425704836802844	0.425704836802844
"ENST00000623375"	0.816335191991067	0.816335191991067	0.816335191991067	0.816335191991067
"ENST00000623377"	0	0	0	0
"ENST00000623390"	0	0	0	0
"ENST00000623394"	0	0	0	0
"ENST00000623405"	0	0	0	0
"ENST00000623408"	0	0	0	0
"ENST00000623409"	0	0	0	0
"ENST00000623436"	0	0	0	0
"ENST00000623449"	0	0	0	0
"ENST00000623476"	0	0	0	0
"ENST00000623484"	0	0	0	0
"ENST00000623506"	0	0	0	0
"ENST00000623518"	0	0	0	0
"ENST00000623549"	0	0	0	0
"ENST00000623554"	0	0	0	0
"ENST00000623559"	1	1	1	1
"ENST00000623575"	0	0	0	0
"ENST00000623579"	0	0	0	0
"ENST00000623587"	0	0	0	0
"ENST00000623637"	0	0	0	0
"ENST00000623638"	0.668202223604212	0.668202223604212	0.668202223604212	0.668202223604212
"ENST00000623643"	0	0	0	0
"ENST00000623647"	0	0	0	0
"ENST00000623661"	0	0	0	0
"ENST00000623664"	0	0	0	0
"ENST00000623678"	0	0	0	0
"ENST00000623703"	3	3	3	3
"ENST00000623720"	0	0	0	0
"ENST00000623723"	0	0	0	0
"ENST00000623738"	0	0	0	0
"ENST00000623744"	3.09787912991199	3.09787912991199	3.09787912991199	3.09787912991199
"ENST00000623753"	0	0	0	0
"ENST00000623768"	0	0	0	0
"ENST00000623771"	0	0	0	0
"ENST00000623783"	0	0	0	0
"ENST00000623794"	0	0	0	0
"ENST00000623795"	0	0	0	0
"ENST00000623797"	0	0	0	0
"ENST00000623803"	0	0	0	0
"ENST00000623809"	0	0	0	0
"ENST00000623810"	0	0	0	0
"ENST00000623860"	0	0	0	0
"ENST00000623887"	0	0	0	0
"ENST00000623892"	0	0	0	0
"ENST00000623896"	0	0	0	0
"ENST00000623903"	0	0	0	0
"ENST00000623914"	0	0	0	0
"ENST00000623919"	0	0	0	0
"ENST00000623928"	0	0	0	0
"ENST00000623929"	0	0	0	0
"ENST00000623933"	0	0	0	0
"ENST00000623939"	0	0	0	0
"ENST00000623950"	0	0	0	0
"ENST00000623954"	1	1	1	1
"ENST00000623960"	0	0	0	0
"ENST00000623962"	0	0	0	0
"ENST00000623983"	0	0	0	0
"ENST00000623989"	0	0	0	0
"ENST00000623998"	0	0	0	0
"ENST00000624019"	0	0	0	0
"ENST00000624041"	0	0	0	0
"ENST00000624042"	0	0	0	0
"ENST00000624052"	0	0	0	0
"ENST00000624077"	0	0	0	0
"ENST00000624080"	0	0	0	0
"ENST00000624081"	0	0	0	0
"ENST00000624086"	0	0	0	0
"ENST00000624105"	0	0	0	0
"ENST00000624113"	0	0	0	0
"ENST00000624120"	0	0	0	0
"ENST00000624130"	0	0	0	0
"ENST00000624153"	0	0	0	0
"ENST00000624162"	1	1	1	1
"ENST00000624164"	0	0	0	0
"ENST00000624165"	0	0	0	0
"ENST00000624181"	0	0	0	0
"ENST00000624226"	0	0	0	0
"ENST00000624240"	0	0	0	0
"ENST00000624261"	0	0	0	0
"ENST00000624263"	0	0	0	0
"ENST00000624266"	0	0	0	0
"ENST00000624291"	0	0	0	0
"ENST00000624304"	0.120577670572925	0.120577670572925	0.120577670572925	0.120577670572925
"ENST00000624310"	0	0	0	0
"ENST00000624312"	0	0	0	0
"ENST00000624353"	0.999743301795058	0.999743301795058	0.999743301795058	0.999743301795058
"ENST00000624368"	0	0	0	0
"ENST00000624405"	1	1	1	1
"ENST00000624406"	0	0	0	0
"ENST00000624412"	0	0	0	0
"ENST00000624444"	0.574295163197156	0.574295163197156	0.574295163197156	0.574295163197156
"ENST00000624445"	0	0	0	0
"ENST00000624446"	0	0	0	0
"ENST00000624461"	0	0	0	0
"ENST00000624484"	0	0	0	0
"ENST00000624506"	0	0	0	0
"ENST00000624516"	0	0	0	0
"ENST00000624519"	0	0	0	0
"ENST00000624520"	0	0	0	0
"ENST00000624534"	0	0	0	0
"ENST00000624561"	0	0	0	0
"ENST00000624576"	0	0	0	0
"ENST00000624595"	0	0	0	0
"ENST00000624627"	0	0	0	0
"ENST00000624633"	0	0	0	0
"ENST00000624648"	1.52461961646505	1.52461961646505	1.52461961646505	1.52461961646505
"ENST00000624662"	0	0	0	0
"ENST00000624669"	0	0	0	0
"ENST00000624691"	0	0	0	0
"ENST00000624714"	0	0	0	0
"ENST00000624728"	0	0	0	0
"ENST00000624736"	0	0	0	0
"ENST00000624739"	0.162398184749799	0.162398184749799	0.162398184749799	0.162398184749799
"ENST00000624748"	0	0	0	0
"ENST00000624758"	0	0	0	0
"ENST00000624791"	0	0	0	0
"ENST00000624800"	1	1	1	1
"ENST00000624806"	0	0	0	0
"ENST00000624808"	0	0	0	0
"ENST00000624810"	0	0	0	0
"ENST00000624813"	0	0	0	0
"ENST00000624821"	0	0	0	0
"ENST00000624846"	0	0	0	0
"ENST00000624847"	0	0	0	0
"ENST00000624852"	0	0	0	0
"ENST00000624859"	0	0	0	0
"ENST00000624872"	0	0	0	0
"ENST00000624883"	0	0	0	0
"ENST00000624901"	0	0	0	0
"ENST00000624906"	0	0	0	0
"ENST00000624907"	0	0	0	0
"ENST00000624921"	0	0	0	0
"ENST00000624932"	0	0	0	0
"ENST00000624934"	0	0	0	0
"ENST00000624937"	0	0	0	0
"ENST00000624951"	0	0	0	0
"ENST00000624965"	0	0	0	0
"ENST00000624968"	0	0	0	0
"ENST00000624971"	0	0	0	0
"ENST00000625005"	0	0	0	0
"ENST00000625012"	1	1	1	1
"ENST00000625014"	0	0	0	0
"ENST00000625020"	0	0	0	0
"ENST00000625036"	0	0	0	0
"ENST00000625079"	0	0	0	0
"ENST00000625096"	0	0	0	0
"ENST00000625098"	0	0	0	0
"ENST00000625115"	0	0	0	0
"ENST00000625153"	1.31680433973341	1.31680433973341	1.31680433973341	1.31680433973341
"ENST00000625184"	0	0	0	0
"ENST00000625185"	0	0	0	0
"ENST00000625189"	0	0	0	0
"ENST00000625278"	0	0	0	0
"ENST00000625598"	8.88888888888889	8.88888888888889	8.88888888888889	8.88888888888889
"ENST00000626237"	0	0	0	0
"ENST00000626259"	0	0	0	0
"ENST00000626421"	0	0	0	0
"ENST00000626681"	0	0	0	0
"ENST00000626933"	1	1	1	1
"ENST00000626972"	0	0	0	0
"ENST00000626994"	1	1	1	1
"ENST00000627623"	0.867686603346194	0.867686603346194	0.867686603346194	0.867686603346194
"ENST00000627981"	8.88888888888889	8.88888888888889	8.88888888888889	8.88888888888889
"ENST00000628044"	0	0	0	0
"ENST00000628202"	0	0	0	0
"ENST00000628776"	0	0	0	0
"ENST00000628906"	0	0	0	0
"ENST00000629643"	0	0	0	0
"ENST00000629969"	3.33333333333333	3.33333333333333	3.33333333333333	3.33333333333333
"ENST00000630077"	0	0	0	0
"ENST00000630155"	0	0	0	0
"ENST00000630211"	0	0	0	0
"ENST00000630354"	0	0	0	0
"ENST00000630751"	1	1	1	1
"ENST00000631186"	0	0	0	0
"ENST00000631211"	8.88888888888889	8.88888888888889	8.88888888888889	8.88888888888889
"ENST00000631642"	0	0	0	0
"ENST00000632537"	0	0	0	0
"ENST00000632732"	0	0	0	0
"ENST00000633442"	0	0	0	0
"ENST00000633593"	0	0	0	0
"ENST00000634020"	0	0	0	0
"ENST00000634021"	0	0	0	0
"ENST00000634453"	0	0	0	0
"ENST00000634642"	0	0	0	0
"ENST00000634644"	0	0	0	0
"ENST00000634659"	0	0	0	0
"ENST00000634708"	0	0	0	0
"ENST00000634718"	0	0	0	0
"ENST00000634853"	0	0	0	0
"ENST00000635001"	0	0	0	0
"ENST00000635108"	0	0	0	0
"ENST00000635189"	0	0	0	0
"ENST00000635225"	0	0	0	0
"ENST00000635325"	0	0	0	0
"ENST00000635525"	0	0	0	0
"ENST00000635621"	0	0	0	0
"ENST00000635684"	0	0	0	0
"ENST00000635845"	0	0	0	0
"ENST00000636177"	0	0	0	0
"ENST00000636315"	0	0	0	0
"ENST00000636403"	0	0	0	0
"ENST00000636887"	0.44575919166214	0.44575919166214	0.44575919166214	0.44575919166214
"ENST00000636923"	0	0	0	0
"ENST00000637031"	0	0	0	0
"ENST00000637157"	0	0	0	0
"ENST00000637320"	0	0	0	0
"ENST00000637328"	0	0	0	0
"ENST00000637630"	0	0	0	0
"ENST00000637650"	2	2	2	2
"ENST00000637940"	1.11765070429926	1.11765070429926	1.11765070429926	1.11765070429926
"ENST00000637963"	1	1	1	1
"ENST00000638122"	0	0	0	0
"ENST00000638500"	0	0	0	0
"ENST00000639959"	0.00856678802801509	0.00856678802801509	0.00856678802801509	0.00856678802801509
"ENST00000639996"	0	0	0	0
"ENST00000640406"	0	0	0	0
"ENST00000642309"	0	0	0	0
"ENST00000642437"	0	0	0	0
"ENST00000642623"	0	0	0	0
"ENST00000642815"	1.61068599872985	1.61068599872985	1.61068599872985	1.61068599872985
"ENST00000643355"	1	1	1	1
"ENST00000643357"	0	0	0	0
"ENST00000643466"	0	0	0	0
"ENST00000643551"	0.491404599566656	0.491404599566656	0.491404599566656	0.491404599566656
"ENST00000643624"	0	0	0	0
"ENST00000643808"	0	0	0	0
"ENST00000643854"	1	1	1	1
"ENST00000644251"	3.12936182807527	3.12936182807527	3.12936182807527	3.12936182807527
"ENST00000644276"	0	0	0	0
"ENST00000644288"	0	0	0	0
"ENST00000644367"	0	0	0	0
"ENST00000644384"	0	0	0	0
"ENST00000644689"	0	0	0	0
"ENST00000644750"	0	0	0	0
"ENST00000644871"	0	0	0	0
"ENST00000644942"	0	0	0	0
"ENST00000645093"	0	0	0	0
"ENST00000645185"	0	0	0	0
"ENST00000645424"	0	0	0	0
"ENST00000645487"	0	0	0	0
"ENST00000645774"	0	0	0	0
"ENST00000645813"	3	3	3	3
"ENST00000646133"	0	0	0	0
"ENST00000646150"	0	0	0	0
"ENST00000646224"	0	0	0	0
"ENST00000646351"	1	1	1	1
"ENST00000646523"	0	0	0	0
"ENST00000646548"	14.066759278349	14.066759278349	14.066759278349	14.066759278349
"ENST00000646873"	4.37529077890091	4.37529077890091	4.37529077890091	4.37529077890091
"ENST00000647101"	0	0	0	0
"ENST00000647108"	0	0	0	0
"ENST00000647188"	0	0	0	0
"ENST00000647425"	0	0	0	0
"ENST00000647504"	0	0	0	0
"ENST00000647678"	0	0	0	0
"ENST00000647779"	0	0	0	0
"ENST00000647911"	3.02421642834895	3.02421642834895	3.02421642834895	3.02421642834895
"ENST00000648253"	0	0	0	0
"ENST00000648495"	0	0	0	0
"ENST00000649100"	0	0	0	0
"ENST00000649170"	0	0	0	0
"ENST00000649224"	0	0	0	0
"ENST00000649499"	0	0	0	0
"ENST00000649822"	0	0	0	0
"ENST00000650208"	0	0	0	0
"ENST00000650376"	0	0	0	0
